Temps;Canal A;Canal B
(ms);(V);(V)

-25,03009513;1,27735200;1,88283900
-25,00961513;1,27735200;1,88283900
-24,98913513;1,27735200;1,88283900
-24,96865513;1,27735200;1,88283900
-24,94817513;1,27735200;1,88283900
-24,92769513;1,23325300;1,83797700
-24,90721513;1,27735200;1,83797700
-24,88673513;1,23325300;1,83797700
-24,86625513;1,23325300;1,83797700
-24,84577513;1,23325300;1,83797700
-24,82529513;1,23325300;1,79311500
-24,80481513;1,18915400;1,79311500
-24,78433513;1,18915400;1,79311500
-24,76385513;1,18915400;1,79311500
-24,74337513;1,18915400;1,74825300
-24,72289513;1,18915400;1,74825300
-24,70241513;1,18915400;1,74825300
-24,68193513;1,18915400;1,70339100
-24,66145513;1,14505400;1,70339100
-24,64097513;1,14505400;1,70339100
-24,62049513;1,10095500;1,70339100
-24,60001513;1,14505400;1,65868100
-24,57953513;1,10095500;1,65868100
-24,55905513;1,10095500;1,65868100
-24,53857513;1,10095500;1,65868100
-24,51809513;1,10095500;1,61381900
-24,49761513;1,10095500;1,61381900
-24,47713513;1,05685600;1,61381900
-24,45665513;1,05685600;1,56895700
-24,43617513;1,05685600;1,56895700
-24,41569513;1,05685600;1,52409400
-24,39521513;1,05685600;1,56895700
-24,37473513;1,01275700;1,52409400
-24,35425513;1,05685600;1,52409400
-24,33377513;1,01275700;1,52409400
-24,31329513;1,01275700;1,47923200
-24,29281513;1,01275700;1,47923200
-24,27233513;1,01275700;1,47923200
-24,25185513;0,96865750;1,47923200
-24,23137514;0,96865750;1,47923200
-24,21089514;0,96865750;1,43437000
-24,19041514;0,96865750;1,43437000
-24,16993514;0,92455820;1,43437000
-24,14945514;0,92455820;1,43437000
-24,12897514;0,92455820;1,43437000
-24,10849514;0,92455820;1,34479800
-24,08801514;0,92455820;1,38966000
-24,06753514;0,92455820;1,34479800
-24,04705514;0,92455820;1,34479800
-24,02657514;0,88045900;1,29993600
-24,00609514;0,88045900;1,29993600
-23,98561514;0,88045900;1,29993600
-23,96513514;0,83635970;1,29993600
-23,94465514;0,88045900;1,29993600
-23,92417514;0,83635970;1,29993600
-23,90369514;0,83635970;1,25507400
-23,88321514;0,83635970;1,25507400
-23,86273514;0,83635970;1,25507400
-23,84225514;0,83635970;1,21021200
-23,82177514;0,79226050;1,21021200
-23,80129514;0,79226050;1,16550200
-23,78081514;0,79226050;1,16550200
-23,76033514;0,79226050;1,16550200
-23,73985514;0,74816130;1,16550200
-23,71937514;0,74816130;1,16550200
-23,69889514;0,74816130;1,16550200
-23,67841514;0,74816130;1,12064000
-23,65793514;0,74816130;1,12064000
-23,63745514;0,74816130;1,12064000
-23,61697514;0,74816130;1,07577700
-23,59649514;0,70390940;1,07577700
-23,57601514;0,74816130;1,07577700
-23,55553514;0,70390940;1,07577700
-23,53505514;0,70390940;0,98605300
-23,51457514;0,65981020;1,03091500
-23,49409514;0,70390940;1,03091500
-23,47361514;0,65981020;0,98605300
-23,45313514;0,70390940;0,98605300
-23,43265514;0,65981020;0,98605300
-23,41217514;0,65981020;0,94134340
-23,39169514;0,61571090;0,94134340
-23,37121514;0,61571090;0,94134340
-23,35073514;0,61571090;0,94134340
-23,33025514;0,61571090;0,89648120
-23,30977514;0,57161170;0,89648120
-23,28929514;0,57161170;0,89648120
-23,26881514;0,61571090;0,89648120
-23,24833514;0,57161170;0,89648120
-23,22785514;0,57161170;0,85161900
-23,20737514;0,57161170;0,85161900
-23,18689514;0,52751240;0,80675680
-23,16641514;0,52751240;0,80675680
-23,14593514;0,52751240;0,80675680
-23,12545514;0,52751240;0,80675680
-23,10497514;0,48341320;0,76189460
-23,08449514;0,52751240;0,76189460
-23,06401514;0,52751240;0,76189460
-23,04353514;0,48341320;0,76189460
-23,02305514;0,48341320;0,76189460
-23,00257514;0,48341320;0,71703240
-22,98209514;0,48341320;0,71703240
-22,96161514;0,43931390;0,71703240
-22,94113514;0,43931390;0,67232280
-22,92065514;0,43931390;0,67232280
-22,90017514;0,39521470;0,67232280
-22,87969514;0,39521470;0,62746050
-22,85921514;0,39521470;0,62746050
-22,83873514;0,39521470;0,62746050
-22,81825514;0,39521470;0,58259830
-22,79777514;0,39521470;0,62746050
-22,77729514;0,39521470;0,58259830
-22,75681514;0,39521470;0,58259830
-22,73633514;0,39521470;0,58259830
-22,71585514;0,35111550;0,58259830
-22,69537514;0,35111550;0,53773610
-22,67489514;0,35111550;0,49287390
-22,65441514;0,30701620;0,53773610
-22,63393514;0,35111550;0,49287390
-22,61345514;0,35111550;0,44816430
-22,59297515;0,30701620;0,44816430
-22,57249515;0,30701620;0,44816430
-22,55201515;0,30701620;0,44816430
-22,53153515;0,30701620;0,40330210
-22,51105515;0,26291700;0,40330210
-22,49057515;0,26291700;0,40330210
-22,47009515;0,26291700;0,40330210
-22,44961515;0,26291700;0,40330210
-22,42913515;0,21881770;0,40330210
-22,40865515;0,21881770;0,35843990
-22,38817515;0,21881770;0,35843990
-22,36769515;0,21881770;0,31357770
-22,34721515;0,21881770;0,31357770
-22,32673515;0,21881770;0,31357770
-22,30625515;0,21881770;0,26871550
-22,28577515;0,21881770;0,26871550
-22,26529515;0,21881770;0,26871550
-22,24481515;0,17471850;0,26871550
-22,22433515;0,17471850;0,26871550
-22,20385515;0,17471850;0,22400590
-22,18337515;0,17471850;0,22400590
-22,16289515;0,17471850;0,22400590
-22,14241515;0,13061920;0,22400590
-22,12193515;0,13061920;0,17929620
-22,10145515;0,08651997;0,17929620
-22,08097515;0,13061920;0,17929620
-22,06049515;0,08651997;0,13443400
-22,04001515;0,08651997;0,13443400
-22,01953515;0,08651997;0,13443400
-21,99905515;0,04242073;0,13443400
-21,97857515;0,08651997;0,08957183
-21,95809515;0,04242073;0,08957183
-21,93761515;0,04242073;0,08957183
-21,91713515;0,04242073;0,04470962
-21,89665515;0,04242073;0,04470962
-21,87617515;0,04242073;0,04470962
-21,85569515;0,04242073;0,04470962
-21,83521515;0,04242073;-0,00015259
-21,81473515;-0,00167852;-0,00015259
-21,79425515;-0,00167852;0,04470962
-21,77377515;0,04242073;-0,00015259
-21,75329515;0,04242073;-0,00015259
-21,73281515;0,04242073;0,04470962
-21,71233515;0,04242073;0,04470962
-21,69185515;0,04242073;0,04470962
-21,67137515;0,04242073;0,04470962
-21,65089515;0,04242073;0,04470962
-21,63041515;0,04242073;0,08957183
-21,60993515;0,04242073;0,08957183
-21,58945515;0,08651997;0,08957183
-21,56897515;0,08651997;0,13443400
-21,54849515;0,08651997;0,08957183
-21,52801515;0,13061920;0,13443400
-21,50753515;0,13061920;0,17929620
-21,48705515;0,13061920;0,17929620
-21,46657515;0,13061920;0,17929620
-21,44609515;0,13061920;0,17929620
-21,42561515;0,13061920;0,22400590
-21,40513515;0,17471850;0,22400590
-21,38465515;0,13061920;0,22400590
-21,36417515;0,17471850;0,26871550
-21,34369515;0,17471850;0,26871550
-21,32321515;0,21881770;0,26871550
-21,30273515;0,21881770;0,26871550
-21,28225515;0,21881770;0,26871550
-21,26177515;0,21881770;0,31357770
-21,24129515;0,21881770;0,31357770
-21,22081515;0,21881770;0,31357770
-21,20033515;0,21881770;0,35843990
-21,17985515;0,21881770;0,35843990
-21,15937515;0,26291700;0,35843990
-21,13889515;0,26291700;0,40330210
-21,11841515;0,26291700;0,40330210
-21,09793515;0,26291700;0,40330210
-21,07745515;0,26291700;0,40330210
-21,05697515;0,30701620;0,44816430
-21,03649515;0,30701620;0,44816430
-21,01601515;0,30701620;0,44816430
-20,99553515;0,30701620;0,44816430
-20,97505515;0,30701620;0,44816430
-20,95457515;0,35111550;0,44816430
-20,93409516;0,35111550;0,53773610
-20,91361516;0,35111550;0,53773610
-20,89313516;0,35111550;0,53773610
-20,87265516;0,39521470;0,53773610
-20,85217516;0,39521470;0,58259830
-20,83169516;0,39521470;0,58259830
-20,81121516;0,39521470;0,58259830
-20,79073516;0,39521470;0,62746050
-20,77025516;0,39521470;0,62746050
-20,74977516;0,39521470;0,62746050
-20,72929516;0,39521470;0,67232280
-20,70881516;0,39521470;0,67232280
-20,68833516;0,43931390;0,67232280
-20,66785516;0,43931390;0,67232280
-20,64737516;0,43931390;0,71703240
-20,62689516;0,43931390;0,71703240
-20,60641516;0,43931390;0,71703240
-20,58593516;0,48341320;0,71703240
-20,56545516;0,48341320;0,71703240
-20,54497516;0,48341320;0,76189460
-20,52449516;0,48341320;0,76189460
-20,50401516;0,48341320;0,76189460
-20,48353516;0,52751240;0,76189460
-20,46305516;0,52751240;0,80675680
-20,44257516;0,52751240;0,80675680
-20,42209516;0,52751240;0,80675680
-20,40161516;0,52751240;0,80675680
-20,38113516;0,57161170;0,85161900
-20,36065516;0,57161170;0,85161900
-20,34017516;0,57161170;0,89648120
-20,31969516;0,57161170;0,89648120
-20,29921516;0,57161170;0,89648120
-20,27873516;0,61571090;0,89648120
-20,25825516;0,61571090;0,89648120
-20,23777516;0,61571090;0,94134340
-20,21729516;0,61571090;0,94134340
-20,19681516;0,65981020;0,94134340
-20,17633516;0,65981020;0,94134340
-20,15585516;0,65981020;0,98605300
-20,13537516;0,65981020;0,98605300
-20,11489516;0,65981020;0,98605300
-20,09441516;0,70390940;0,98605300
-20,07393516;0,65981020;1,03091500
-20,05345516;0,70390940;1,03091500
-20,03297516;0,70390940;1,03091500
-20,01249516;0,70390940;1,07577700
-19,99201516;0,70390940;1,07577700
-19,97153516;0,74816130;1,12064000
-19,95105516;0,74816130;1,12064000
-19,93057516;0,74816130;1,12064000
-19,91009516;0,74816130;1,12064000
-19,88961516;0,74816130;1,12064000
-19,86913516;0,79226050;1,16550200
-19,84865516;0,79226050;1,16550200
-19,82817516;0,79226050;1,16550200
-19,80769516;0,79226050;1,21021200
-19,78721516;0,79226050;1,21021200
-19,76673516;0,83635970;1,21021200
-19,74625516;0,79226050;1,21021200
-19,72577516;0,83635970;1,25507400
-19,70529516;0,83635970;1,25507400
-19,68481516;0,83635970;1,25507400
-19,66433516;0,83635970;1,25507400
-19,64385516;0,88045900;1,29993600
-19,62337516;0,88045900;1,29993600
-19,60289516;0,88045900;1,29993600
-19,58241516;0,88045900;1,29993600
-19,56193516;0,88045900;1,34479800
-19,54145516;0,92455820;1,34479800
-19,52097516;0,92455820;1,34479800
-19,50049516;0,92455820;1,34479800
-19,48001516;0,92455820;1,38966000
-19,45953516;0,92455820;1,38966000
-19,43905516;0,92455820;1,43437000
-19,41857516;0,92455820;1,43437000
-19,39809516;0,92455820;1,43437000
-19,37761516;0,96865750;1,47923200
-19,35713516;0,96865750;1,47923200
-19,33665516;1,01275700;1,47923200
-19,31617516;1,01275700;1,47923200
-19,29569517;1,01275700;1,47923200
-19,27521517;1,01275700;1,47923200
-19,25473517;1,01275700;1,47923200
-19,23425517;1,01275700;1,52409400
-19,21377517;1,01275700;1,52409400
-19,19329517;1,05685600;1,52409400
-19,17281517;1,05685600;1,52409400
-19,15233517;1,05685600;1,56895700
-19,13185517;1,05685600;1,61381900
-19,11137517;1,10095500;1,61381900
-19,09089517;1,10095500;1,61381900
-19,07041517;1,10095500;1,61381900
-19,04993517;1,10095500;1,65868100
-19,02945517;1,10095500;1,65868100
-19,00897517;1,10095500;1,65868100
-18,98849517;1,10095500;1,70339100
-18,96801517;1,14505400;1,65868100
-18,94753517;1,14505400;1,70339100
-18,92705517;1,18915400;1,70339100
-18,90657517;1,14505400;1,70339100
-18,88609517;1,18915400;1,70339100
-18,86561517;1,18915400;1,70339100
-18,84513517;1,18915400;1,74825300
-18,82465517;1,18915400;1,79311500
-18,80417517;1,18915400;1,79311500
-18,78369517;1,18915400;1,79311500
-18,76321517;1,23325300;1,79311500
-18,74273517;1,18915400;1,83797700
-18,72225517;1,23325300;1,83797700
-18,70177517;1,23325300;1,83797700
-18,68129517;1,27735200;1,83797700
-18,66081517;1,27735200;1,83797700
-18,64033517;1,27735200;1,88283900
-18,61985517;1,27735200;1,88283900
-18,59937517;1,27735200;1,88283900
-18,57889517;1,27735200;1,88283900
-18,55841517;1,27735200;1,92754900
-18,53793517;1,27735200;1,92754900
-18,51745517;1,27735200;1,97241100
-18,49697517;1,32145100;1,97241100
-18,47649517;1,32145100;1,97241100
-18,45601517;1,32145100;2,01727300
-18,43553517;1,36555100;2,01727300
-18,41505517;1,36555100;2,01727300
-18,39457517;1,32145100;2,01727300
-18,37409517;1,36555100;2,06213600
-18,35361517;1,40965000;2,06213600
-18,33313517;1,36555100;2,06213600
-18,31265517;1,36555100;2,06213600
-18,29217517;1,40965000;2,10699800
-18,27169517;1,40965000;2,10699800
-18,25121517;1,40965000;2,10699800
-18,23073517;1,45390200;2,15170700
-18,21025517;1,45390200;2,15170700
-18,18977517;1,45390200;2,15170700
-18,16929517;1,45390200;2,15170700
-18,14881517;1,45390200;2,19657000
-18,12833517;1,45390200;2,19657000
-18,10785517;1,45390200;2,19657000
-18,08737517;1,45390200;2,19657000
-18,06689517;1,49800100;2,19657000
-18,04641517;1,49800100;2,24143200
-18,02593517;1,49800100;2,24143200
-18,00545517;1,49800100;2,24143200
-17,98497517;1,49800100;2,28629400
-17,96449517;1,54210000;2,28629400
-17,94401517;1,54210000;2,33115600
-17,92353517;1,54210000;2,33115600
-17,90305517;1,58620000;2,33115600
-17,88257517;1,54210000;2,33115600
-17,86209517;1,58620000;2,33115600
-17,84161517;1,58620000;2,37601900
-17,82113517;1,58620000;2,37601900
-17,80065517;1,58620000;2,37601900
-17,78017517;1,58620000;2,37601900
-17,75969517;1,58620000;2,42072800
-17,73921517;1,63029900;2,37601900
-17,71873517;1,63029900;2,42072800
-17,69825517;1,63029900;2,42072800
-17,67777517;1,63029900;2,42072800
-17,65729518;1,63029900;2,46559000
-17,63681518;1,63029900;2,51045300
-17,61633518;1,67439800;2,51045300
-17,59585518;1,67439800;2,51045300
-17,57537518;1,67439800;2,51045300
-17,55489518;1,67439800;2,55531500
-17,53441518;1,67439800;2,55531500
-17,51393518;1,67439800;2,55531500
-17,49345518;1,71849700;2,55531500
-17,47297518;1,71849700;2,55531500
-17,45249518;1,71849700;2,60017700
-17,43201518;1,71849700;2,60017700
-17,41153518;1,76259600;2,60017700
-17,39105518;1,76259600;2,60017700
-17,37057518;1,76259600;2,64488700
-17,35009518;1,76259600;2,64488700
-17,32961518;1,76259600;2,68974900
-17,30913518;1,80669600;2,68974900
-17,28865518;1,80669600;2,68974900
-17,26817518;1,80669600;2,68974900
-17,24769518;1,80669600;2,68974900
-17,22721518;1,80669600;2,73461100
-17,20673518;1,80669600;2,73461100
-17,18625518;1,80669600;2,73461100
-17,16577518;1,85079500;2,77947300
-17,14529518;1,85079500;2,77947300
-17,12481518;1,85079500;2,77947300
-17,10433518;1,85079500;2,77947300
-17,08385518;1,89489400;2,82433600
-17,06337518;1,89489400;2,86904500
-17,04289518;1,89489400;2,82433600
-17,02241518;1,89489400;2,86904500
-17,00193518;1,89489400;2,86904500
-16,98145518;1,89489400;2,91390700
-16,96097518;1,93899300;2,91390700
-16,94049518;1,93899300;2,91390700
-16,92001518;1,93899300;2,91390700
-16,89953518;1,93899300;2,91390700
-16,87905518;1,93899300;2,91390700
-16,85857518;1,93899300;2,91390700
-16,83809518;1,98309300;2,95877000
-16,81761518;1,98309300;2,95877000
-16,79713518;1,98309300;2,95877000
-16,77665518;1,98309300;2,95877000
-16,75617518;1,98309300;2,95877000
-16,73569518;1,98309300;2,95877000
-16,71521518;1,93899300;2,95877000
-16,69473518;1,93899300;2,91390700
-16,67425518;1,93899300;2,91390700
-16,65377518;1,93899300;2,91390700
-16,63329518;1,93899300;2,91390700
-16,61281518;1,89489400;2,86904500
-16,59233518;1,89489400;2,86904500
-16,57185518;1,89489400;2,86904500
-16,55137518;1,89489400;2,86904500
-16,53089518;1,85079500;2,82433600
-16,51041518;1,89489400;2,82433600
-16,48993518;1,85079500;2,77947300
-16,46945518;1,85079500;2,77947300
-16,44897518;1,85079500;2,77947300
-16,42849518;1,80669600;2,77947300
-16,40801518;1,85079500;2,77947300
-16,38753518;1,80669600;2,73461100
-16,36705518;1,80669600;2,73461100
-16,34657518;1,80669600;2,73461100
-16,32609518;1,80669600;2,73461100
-16,30561518;1,80669600;2,68974900
-16,28513518;1,76259600;2,68974900
-16,26465518;1,76259600;2,64488700
-16,24417518;1,76259600;2,64488700
-16,22369518;1,76259600;2,60017700
-16,20321518;1,76259600;2,60017700
-16,18273518;1,71849700;2,60017700
-16,16225518;1,71849700;2,60017700
-16,14177518;1,71849700;2,60017700
-16,12129518;1,71849700;2,60017700
-16,10081518;1,71849700;2,55531500
-16,08033518;1,71849700;2,55531500
-16,05985518;1,71849700;2,55531500
-16,03937518;1,71849700;2,55531500
-16,01889518;1,67439800;2,51045300
-15,99841519;1,67439800;2,51045300
-15,97793519;1,67439800;2,51045300
-15,95745519;1,63029900;2,46559000
-15,93697519;1,63029900;2,46559000
-15,91649519;1,63029900;2,46559000
-15,89601519;1,63029900;2,42072800
-15,87553519;1,63029900;2,42072800
-15,85505519;1,63029900;2,42072800
-15,83457519;1,63029900;2,42072800
-15,81409519;1,63029900;2,37601900
-15,79361519;1,58620000;2,37601900
-15,77313519;1,58620000;2,37601900
-15,75265519;1,58620000;2,37601900
-15,73217519;1,54210000;2,33115600
-15,71169519;1,54210000;2,33115600
-15,69121519;1,58620000;2,33115600
-15,67073519;1,54210000;2,28629400
-15,65025519;1,54210000;2,28629400
-15,62977519;1,49800100;2,28629400
-15,60929519;1,49800100;2,24143200
-15,58881519;1,49800100;2,24143200
-15,56833519;1,49800100;2,24143200
-15,54785519;1,49800100;2,24143200
-15,52737519;1,49800100;2,24143200
-15,50689519;1,45390200;2,19657000
-15,48641519;1,45390200;2,19657000
-15,46593519;1,45390200;2,19657000
-15,44545519;1,45390200;2,19657000
-15,42497519;1,45390200;2,19657000
-15,40449519;1,45390200;2,15170700
-15,38401519;1,40965000;2,15170700
-15,36353519;1,40965000;2,10699800
-15,34305519;1,45390200;2,15170700
-15,32257519;1,40965000;2,06213600
-15,30209519;1,40965000;2,06213600
-15,28161519;1,40965000;2,06213600
-15,26113519;1,36555100;2,06213600
-15,24065519;1,36555100;2,06213600
-15,22017519;1,36555100;2,06213600
-15,19969519;1,36555100;2,01727300
-15,17921519;1,32145100;2,01727300
-15,15873519;1,32145100;2,01727300
-15,13825519;1,32145100;2,01727300
-15,11777519;1,32145100;1,97241100
-15,09729519;1,27735200;1,97241100
-15,07681519;1,32145100;1,97241100
-15,05633519;1,32145100;1,97241100
-15,03585519;1,27735200;1,92754900
-15,01537519;1,27735200;1,92754900
-14,99489519;1,27735200;1,92754900
-14,97441519;1,27735200;1,88283900
-14,95393519;1,27735200;1,88283900
-14,93345519;1,27735200;1,88283900
-14,91297519;1,27735200;1,83797700
-14,89249519;1,23325300;1,83797700
-14,87201519;1,23325300;1,83797700
-14,85153519;1,23325300;1,83797700
-14,83105519;1,23325300;1,83797700
-14,81057519;1,23325300;1,79311500
-14,79009519;1,18915400;1,79311500
-14,76961519;1,18915400;1,74825300
-14,74913519;1,18915400;1,74825300
-14,72865519;1,18915400;1,74825300
-14,70817519;1,18915400;1,70339100
-14,68769519;1,18915400;1,70339100
-14,66721519;1,18915400;1,70339100
-14,64673519;1,18915400;1,70339100
-14,62625519;1,14505400;1,70339100
-14,60577519;1,10095500;1,65868100
-14,58529519;1,10095500;1,65868100
-14,56481519;1,10095500;1,65868100
-14,54433519;1,10095500;1,65868100
-14,52385519;1,10095500;1,65868100
-14,50337519;1,10095500;1,61381900
-14,48289519;1,10095500;1,61381900
-14,46241519;1,10095500;1,56895700
-14,44193519;1,05685600;1,61381900
-14,42145519;1,05685600;1,56895700
-14,40097519;1,05685600;1,52409400
-14,38049519;1,01275700;1,52409400
-14,36001520;1,05685600;1,52409400
-14,33953520;1,05685600;1,47923200
-14,31905520;1,01275700;1,52409400
-14,29857520;1,01275700;1,47923200
-14,27809520;1,01275700;1,47923200
-14,25761520;0,96865750;1,47923200
-14,23713520;0,96865750;1,47923200
-14,21665520;0,96865750;1,47923200
-14,19617520;0,96865750;1,43437000
-14,17569520;0,92455820;1,43437000
-14,15521520;0,92455820;1,43437000
-14,13473520;0,92455820;1,38966000
-14,11425520;0,92455820;1,38966000
-14,09377520;0,92455820;1,38966000
-14,07329520;0,88045900;1,38966000
-14,05281520;0,92455820;1,34479800
-14,03233520;0,88045900;1,29993600
-14,01185520;0,88045900;1,34479800
-13,99137520;0,88045900;1,29993600
-13,97089520;0,88045900;1,29993600
-13,95041520;0,88045900;1,29993600
-13,92993520;0,83635970;1,29993600
-13,90945520;0,83635970;1,25507400
-13,88897520;0,83635970;1,21021200
-13,86849520;0,79226050;1,21021200
-13,84801520;0,79226050;1,21021200
-13,82753520;0,83635970;1,21021200
-13,80705520;0,79226050;1,21021200
-13,78657520;0,79226050;1,16550200
-13,76609520;0,79226050;1,16550200
-13,74561520;0,79226050;1,16550200
-13,72513520;0,79226050;1,16550200
-13,70465520;0,74816130;1,16550200
-13,68417520;0,74816130;1,12064000
-13,66369520;0,74816130;1,12064000
-13,64321520;0,74816130;1,12064000
-13,62273520;0,74816130;1,12064000
-13,60225520;0,74816130;1,07577700
-13,58177520;0,74816130;1,07577700
-13,56129520;0,70390940;1,07577700
-13,54081520;0,70390940;1,03091500
-13,52033520;0,70390940;1,07577700
-13,49985520;0,65981020;1,03091500
-13,47937520;0,65981020;0,98605300
-13,45889520;0,70390940;0,98605300
-13,43841520;0,65981020;0,98605300
-13,41793520;0,61571090;0,94134340
-13,39745520;0,61571090;0,94134340
-13,37697520;0,61571090;0,94134340
-13,35649520;0,61571090;0,94134340
-13,33601520;0,61571090;0,89648120
-13,31553520;0,61571090;0,89648120
-13,29505520;0,57161170;0,89648120
-13,27457520;0,57161170;0,89648120
-13,25409520;0,57161170;0,85161900
-13,23361520;0,57161170;0,85161900
-13,21313520;0,57161170;0,85161900
-13,19265520;0,52751240;0,80675680
-13,17217520;0,52751240;0,80675680
-13,15169520;0,57161170;0,80675680
-13,13121520;0,52751240;0,80675680
-13,11073520;0,52751240;0,76189460
-13,09025520;0,52751240;0,76189460
-13,06977520;0,52751240;0,76189460
-13,04929520;0,48341320;0,71703240
-13,02881520;0,48341320;0,76189460
-13,00833520;0,48341320;0,71703240
-12,98785520;0,48341320;0,71703240
-12,96737520;0,48341320;0,67232280
-12,94689520;0,43931390;0,71703240
-12,92641520;0,43931390;0,67232280
-12,90593520;0,43931390;0,67232280
-12,88545520;0,39521470;0,62746050
-12,86497520;0,39521470;0,62746050
-12,84449520;0,39521470;0,62746050
-12,82401520;0,39521470;0,62746050
-12,80353520;0,39521470;0,62746050
-12,78305520;0,39521470;0,58259830
-12,76257520;0,39521470;0,58259830
-12,74209520;0,39521470;0,58259830
-12,72161521;0,39521470;0,58259830
-12,70113521;0,35111550;0,53773610
-12,68065521;0,39521470;0,49287390
-12,66017521;0,35111550;0,49287390
-12,63969521;0,35111550;0,49287390
-12,61921521;0,30701620;0,49287390
-12,59873521;0,30701620;0,49287390
-12,57825521;0,30701620;0,44816430
-12,55777521;0,30701620;0,44816430
-12,53729521;0,30701620;0,40330210
-12,51681521;0,26291700;0,44816430
-12,49633521;0,26291700;0,40330210
-12,47585521;0,26291700;0,40330210
-12,45537521;0,26291700;0,40330210
-12,43489521;0,26291700;0,40330210
-12,41441521;0,21881770;0,35843990
-12,39393521;0,21881770;0,31357770
-12,37345521;0,21881770;0,35843990
-12,35297521;0,21881770;0,31357770
-12,33249521;0,21881770;0,31357770
-12,31201521;0,21881770;0,31357770
-12,29153521;0,21881770;0,26871550
-12,27105521;0,17471850;0,26871550
-12,25057521;0,17471850;0,26871550
-12,23009521;0,17471850;0,22400590
-12,20961521;0,17471850;0,26871550
-12,18913521;0,17471850;0,22400590
-12,16865521;0,13061920;0,22400590
-12,14817521;0,17471850;0,22400590
-12,12769521;0,13061920;0,17929620
-12,10721521;0,13061920;0,17929620
-12,08673521;0,08651997;0,17929620
-12,06625521;0,08651997;0,13443400
-12,04577521;0,08651997;0,13443400
-12,02529521;0,08651997;0,13443400
-12,00481521;0,04242073;0,13443400
-11,98433521;0,04242073;0,08957183
-11,96385521;0,04242073;0,08957183
-11,94337521;0,04242073;0,08957183
-11,92289521;0,04242073;0,04470962
-11,90241521;0,04242073;0,04470962
-11,88193521;0,04242073;0,04470962
-11,86145521;0,04242073;0,04470962
-11,84097521;0,04242073;0,04470962
-11,82049521;-0,00167852;-0,00015259
-11,80001521;-0,00167852;-0,00015259
-11,77953521;-0,00167852;-0,00015259
-11,75905521;-0,00167852;-0,00015259
-11,73857521;0,04242073;0,04470962
-11,71809521;0,04242073;0,04470962
-11,69761521;0,04242073;0,04470962
-11,67713521;0,04242073;0,04470962
-11,65665521;0,04242073;0,04470962
-11,63617521;0,04242073;0,08957183
-11,61569521;0,04242073;0,08957183
-11,59521521;0,08651997;0,13443400
-11,57473521;0,08651997;0,13443400
-11,55425521;0,08651997;0,13443400
-11,53377521;0,08651997;0,13443400
-11,51329521;0,13061920;0,13443400
-11,49281521;0,13061920;0,17929620
-11,47233521;0,13061920;0,17929620
-11,45185521;0,13061920;0,17929620
-11,43137521;0,13061920;0,22400590
-11,41089521;0,13061920;0,22400590
-11,39041521;0,17471850;0,22400590
-11,36993521;0,17471850;0,22400590
-11,34945521;0,17471850;0,26871550
-11,32897521;0,21881770;0,26871550
-11,30849521;0,17471850;0,26871550
-11,28801521;0,21881770;0,26871550
-11,26753521;0,21881770;0,31357770
-11,24705521;0,21881770;0,31357770
-11,22657521;0,21881770;0,31357770
-11,20609521;0,21881770;0,35843990
-11,18561521;0,21881770;0,35843990
-11,16513521;0,26291700;0,35843990
-11,14465521;0,26291700;0,40330210
-11,12417521;0,26291700;0,40330210
-11,10369521;0,26291700;0,40330210
-11,08321521;0,30701620;0,40330210
-11,06273522;0,30701620;0,40330210
-11,04225522;0,30701620;0,44816430
-11,02177522;0,30701620;0,44816430
-11,00129522;0,30701620;0,44816430
-10,98081522;0,30701620;0,44816430
-10,96033522;0,35111550;0,49287390
-10,93985522;0,35111550;0,49287390
-10,91937522;0,35111550;0,49287390
-10,89889522;0,35111550;0,53773610
-10,87841522;0,35111550;0,53773610
-10,85793522;0,39521470;0,53773610
-10,83745522;0,39521470;0,58259830
-10,81697522;0,39521470;0,58259830
-10,79649522;0,39521470;0,58259830
-10,77601522;0,39521470;0,62746050
-10,75553522;0,39521470;0,58259830
-10,73505522;0,39521470;0,62746050
-10,71457522;0,39521470;0,62746050
-10,69409522;0,43931390;0,62746050
-10,67361522;0,43931390;0,67232280
-10,65313522;0,43931390;0,67232280
-10,63265522;0,43931390;0,67232280
-10,61217522;0,43931390;0,71703240
-10,59169522;0,48341320;0,71703240
-10,57121522;0,48341320;0,76189460
-10,55073522;0,48341320;0,76189460
-10,53025522;0,48341320;0,76189460
-10,50977522;0,52751240;0,76189460
-10,48929522;0,48341320;0,76189460
-10,46881522;0,52751240;0,80675680
-10,44833522;0,52751240;0,80675680
-10,42785522;0,52751240;0,80675680
-10,40737522;0,52751240;0,80675680
-10,38689522;0,57161170;0,80675680
-10,36641522;0,57161170;0,85161900
-10,34593522;0,57161170;0,85161900
-10,32545522;0,57161170;0,85161900
-10,30497522;0,57161170;0,89648120
-10,28449522;0,57161170;0,89648120
-10,26401522;0,57161170;0,89648120
-10,24353522;0,61571090;0,94134340
-10,22305522;0,61571090;0,94134340
-10,20257522;0,61571090;0,94134340
-10,18209522;0,65981020;0,94134340
-10,16161522;0,65981020;0,98605300
-10,14113522;0,65981020;0,98605300
-10,12065522;0,65981020;0,98605300
-10,10017522;0,70390940;0,98605300
-10,07969522;0,70390940;1,03091500
-10,05921522;0,70390940;1,03091500
-10,03873522;0,70390940;1,03091500
-10,01825522;0,74816130;1,07577700
-9,99777522;0,70390940;1,07577700
-9,97729522;0,74816130;1,07577700
-9,95681522;0,74816130;1,07577700
-9,93633522;0,74816130;1,12064000
-9,91585522;0,74816130;1,12064000
-9,89537522;0,74816130;1,12064000
-9,87489522;0,74816130;1,12064000
-9,85441522;0,74816130;1,16550200
-9,83393522;0,74816130;1,16550200
-9,81345522;0,79226050;1,16550200
-9,79297522;0,79226050;1,16550200
-9,77249522;0,79226050;1,21021200
-9,75201522;0,83635970;1,21021200
-9,73153522;0,83635970;1,25507400
-9,71105522;0,83635970;1,25507400
-9,69057522;0,83635970;1,25507400
-9,67009522;0,83635970;1,29993600
-9,64961522;0,88045900;1,29993600
-9,62913522;0,88045900;1,29993600
-9,60865522;0,88045900;1,29993600
-9,58817522;0,88045900;1,29993600
-9,56769522;0,92455820;1,29993600
-9,54721522;0,88045900;1,34479800
-9,52673522;0,92455820;1,34479800
-9,50625522;0,92455820;1,34479800
-9,48577522;0,92455820;1,38966000
-9,46529522;0,92455820;1,34479800
-9,44481522;0,92455820;1,38966000
-9,42433523;0,96865750;1,43437000
-9,40385523;0,92455820;1,38966000
-9,38337523;0,96865750;1,43437000
-9,36289523;1,01275700;1,47923200
-9,34241523;0,96865750;1,47923200
-9,32193523;1,01275700;1,47923200
-9,30145523;1,01275700;1,47923200
-9,28097523;1,01275700;1,47923200
-9,26049523;1,01275700;1,52409400
-9,24001523;1,01275700;1,52409400
-9,21953523;1,05685600;1,52409400
-9,19905523;1,05685600;1,56895700
-9,17857523;1,05685600;1,52409400
-9,15809523;1,05685600;1,56895700
-9,13761523;1,05685600;1,56895700
-9,11713523;1,05685600;1,56895700
-9,09665523;1,05685600;1,61381900
-9,07617523;1,10095500;1,61381900
-9,05569523;1,10095500;1,61381900
-9,03521523;1,10095500;1,61381900
-9,01473523;1,10095500;1,65868100
-8,99425523;1,10095500;1,65868100
-8,97377523;1,10095500;1,65868100
-8,95329523;1,10095500;1,70339100
-8,93281523;1,14505400;1,70339100
-8,91233523;1,14505400;1,70339100
-8,89185523;1,18915400;1,70339100
-8,87137523;1,18915400;1,74825300
-8,85089523;1,18915400;1,79311500
-8,83041523;1,18915400;1,74825300
-8,80993523;1,23325300;1,79311500
-8,78945523;1,23325300;1,79311500
-8,76897523;1,23325300;1,79311500
-8,74849523;1,23325300;1,83797700
-8,72801523;1,23325300;1,83797700
-8,70753523;1,27735200;1,83797700
-8,68705523;1,23325300;1,83797700
-8,66657523;1,27735200;1,88283900
-8,64609523;1,27735200;1,83797700
-8,62561523;1,27735200;1,88283900
-8,60513523;1,27735200;1,88283900
-8,58465523;1,27735200;1,92754900
-8,56417523;1,27735200;1,92754900
-8,54369523;1,27735200;1,92754900
-8,52321523;1,27735200;1,92754900
-8,50273523;1,32145100;1,97241100
-8,48225523;1,32145100;1,97241100
-8,46177523;1,32145100;1,97241100
-8,44129523;1,32145100;2,01727300
-8,42081523;1,36555100;2,01727300
-8,40033523;1,36555100;2,01727300
-8,37985523;1,36555100;2,06213600
-8,35937523;1,36555100;2,06213600
-8,33889523;1,36555100;2,06213600
-8,31841523;1,36555100;2,06213600
-8,29793523;1,40965000;2,06213600
-8,27745523;1,40965000;2,10699800
-8,25697523;1,40965000;2,10699800
-8,23649523;1,45390200;2,10699800
-8,21601523;1,40965000;2,15170700
-8,19553523;1,45390200;2,15170700
-8,17505523;1,45390200;2,15170700
-8,15457523;1,45390200;2,15170700
-8,13409523;1,45390200;2,19657000
-8,11361523;1,45390200;2,19657000
-8,09313523;1,45390200;2,19657000
-8,07265523;1,45390200;2,19657000
-8,05217523;1,45390200;2,19657000
-8,03169523;1,45390200;2,24143200
-8,01121523;1,49800100;2,24143200
-7,99073523;1,49800100;2,24143200
-7,97025523;1,54210000;2,28629400
-7,94977523;1,49800100;2,28629400
-7,92929523;1,54210000;2,28629400
-7,90881523;1,54210000;2,28629400
-7,88833523;1,54210000;2,33115600
-7,86785523;1,58620000;2,33115600
-7,84737523;1,58620000;2,37601900
-7,82689523;1,58620000;2,37601900
-7,80641523;1,58620000;2,37601900
-7,78593524;1,63029900;2,37601900
-7,76545524;1,63029900;2,42072800
-7,74497524;1,63029900;2,42072800
-7,72449524;1,63029900;2,42072800
-7,70401524;1,63029900;2,42072800
-7,68353524;1,63029900;2,46559000
-7,66305524;1,63029900;2,46559000
-7,64257524;1,63029900;2,46559000
-7,62209524;1,63029900;2,51045300
-7,60161524;1,67439800;2,51045300
-7,58113524;1,67439800;2,51045300
-7,56065524;1,67439800;2,51045300
-7,54017524;1,67439800;2,55531500
-7,51969524;1,67439800;2,55531500
-7,49921524;1,71849700;2,55531500
-7,47873524;1,71849700;2,55531500
-7,45825524;1,71849700;2,60017700
-7,43777524;1,76259600;2,60017700
-7,41729524;1,76259600;2,60017700
-7,39681524;1,76259600;2,60017700
-7,37633524;1,76259600;2,64488700
-7,35585524;1,76259600;2,64488700
-7,33537524;1,80669600;2,64488700
-7,31489524;1,80669600;2,68974900
-7,29441524;1,80669600;2,68974900
-7,27393524;1,80669600;2,68974900
-7,25345524;1,80669600;2,73461100
-7,23297524;1,80669600;2,73461100
-7,21249524;1,80669600;2,73461100
-7,19201524;1,80669600;2,73461100
-7,17153524;1,85079500;2,73461100
-7,15105524;1,80669600;2,77947300
-7,13057524;1,80669600;2,77947300
-7,11009524;1,85079500;2,77947300
-7,08961524;1,85079500;2,82433600
-7,06913524;1,85079500;2,82433600
-7,04865524;1,89489400;2,82433600
-7,02817524;1,89489400;2,86904500
-7,00769524;1,89489400;2,86904500
-6,98721524;1,89489400;2,91390700
-6,96673524;1,93899300;2,86904500
-6,94625524;1,93899300;2,91390700
-6,92577524;1,93899300;2,91390700
-6,90529524;1,93899300;2,91390700
-6,88481524;1,93899300;2,91390700
-6,86433524;1,93899300;2,95877000
-6,84385524;1,98309300;2,95877000
-6,82337524;1,98309300;2,95877000
-6,80289524;1,98309300;2,95877000
-6,78241524;1,98309300;2,95877000
-6,76193524;1,98309300;2,95877000
-6,74145524;1,98309300;2,95877000
-6,72097524;1,98309300;2,95877000
-6,70049524;1,93899300;2,95877000
-6,68001524;1,93899300;2,91390700
-6,65953524;1,93899300;2,91390700
-6,63905524;1,89489400;2,91390700
-6,61857524;1,89489400;2,86904500
-6,59809524;1,93899300;2,86904500
-6,57761524;1,89489400;2,86904500
-6,55713524;1,89489400;2,86904500
-6,53665524;1,89489400;2,82433600
-6,51617524;1,85079500;2,82433600
-6,49569524;1,85079500;2,77947300
-6,47521524;1,85079500;2,77947300
-6,45473524;1,85079500;2,77947300
-6,43425524;1,80669600;2,77947300
-6,41377524;1,80669600;2,77947300
-6,39329524;1,80669600;2,73461100
-6,37281524;1,80669600;2,73461100
-6,35233524;1,80669600;2,73461100
-6,33185524;1,80669600;2,68974900
-6,31137524;1,80669600;2,73461100
-6,29089524;1,80669600;2,68974900
-6,27041524;1,80669600;2,68974900
-6,24993524;1,76259600;2,64488700
-6,22945524;1,76259600;2,64488700
-6,20897524;1,76259600;2,64488700
-6,18849524;1,76259600;2,60017700
-6,16801524;1,76259600;2,60017700
-6,14753524;1,76259600;2,60017700
-6,12705525;1,71849700;2,60017700
-6,10657525;1,71849700;2,60017700
-6,08609525;1,71849700;2,55531500
-6,06561525;1,71849700;2,55531500
-6,04513525;1,67439800;2,55531500
-6,02465525;1,67439800;2,51045300
-6,00417525;1,67439800;2,51045300
-5,98369525;1,67439800;2,51045300
-5,96321525;1,67439800;2,51045300
-5,94273525;1,63029900;2,46559000
-5,92225525;1,63029900;2,46559000
-5,90177525;1,63029900;2,46559000
-5,88129525;1,63029900;2,42072800
-5,86081525;1,63029900;2,42072800
-5,84033525;1,63029900;2,42072800
-5,81985525;1,63029900;2,37601900
-5,79937525;1,63029900;2,37601900
-5,77889525;1,58620000;2,37601900
-5,75841525;1,58620000;2,37601900
-5,73793525;1,58620000;2,37601900
-5,71745525;1,58620000;2,37601900
-5,69697525;1,54210000;2,33115600
-5,67649525;1,54210000;2,33115600
-5,65601525;1,54210000;2,28629400
-5,63553525;1,54210000;2,28629400
-5,61505525;1,54210000;2,28629400
-5,59457525;1,49800100;2,24143200
-5,57409525;1,49800100;2,24143200
-5,55361525;1,49800100;2,24143200
-5,53313525;1,45390200;2,19657000
-5,51265525;1,45390200;2,24143200
-5,49217525;1,45390200;2,19657000
-5,47169525;1,45390200;2,19657000
-5,45121525;1,45390200;2,19657000
-5,43073525;1,45390200;2,19657000
-5,41025525;1,45390200;2,15170700
-5,38977525;1,45390200;2,15170700
-5,36929525;1,45390200;2,15170700
-5,34881525;1,45390200;2,10699800
-5,32833525;1,40965000;2,10699800
-5,30785525;1,40965000;2,10699800
-5,28737525;1,40965000;2,06213600
-5,26689525;1,40965000;2,06213600
-5,24641525;1,36555100;2,06213600
-5,22593525;1,36555100;2,06213600
-5,20545525;1,36555100;2,01727300
-5,18497525;1,36555100;2,01727300
-5,16449525;1,32145100;2,01727300
-5,14401525;1,32145100;1,97241100
-5,12353525;1,32145100;1,97241100
-5,10305525;1,27735200;1,97241100
-5,08257525;1,32145100;1,97241100
-5,06209525;1,27735200;1,92754900
-5,04161525;1,27735200;1,92754900
-5,02113525;1,27735200;1,92754900
-5,00065525;1,27735200;1,88283900
-4,98017525;1,27735200;1,88283900
-4,95969525;1,27735200;1,88283900
-4,93921525;1,27735200;1,88283900
-4,91873525;1,27735200;1,83797700
-4,89825525;1,27735200;1,83797700
-4,87777525;1,23325300;1,83797700
-4,85729525;1,23325300;1,83797700
-4,83681525;1,23325300;1,83797700
-4,81633525;1,23325300;1,79311500
-4,79585525;1,23325300;1,79311500
-4,77537525;1,18915400;1,79311500
-4,75489525;1,18915400;1,74825300
-4,73441525;1,18915400;1,74825300
-4,71393525;1,18915400;1,74825300
-4,69345525;1,18915400;1,70339100
-4,67297525;1,18915400;1,70339100
-4,65249525;1,14505400;1,65868100
-4,63201525;1,10095500;1,70339100
-4,61153525;1,10095500;1,65868100
-4,59105525;1,10095500;1,65868100
-4,57057525;1,10095500;1,65868100
-4,55009525;1,10095500;1,65868100
-4,52961525;1,10095500;1,65868100
-4,50913525;1,10095500;1,61381900
-4,48865526;1,10095500;1,61381900
-4,46817526;1,05685600;1,56895700
-4,44769526;1,05685600;1,61381900
-4,42721526;1,05685600;1,56895700
-4,40673526;1,05685600;1,52409400
-4,38625526;1,05685600;1,52409400
-4,36577526;1,01275700;1,52409400
-4,34529526;1,01275700;1,52409400
-4,32481526;1,01275700;1,52409400
-4,30433526;1,01275700;1,47923200
-4,28385526;1,01275700;1,47923200
-4,26337526;0,96865750;1,47923200
-4,24289526;0,96865750;1,47923200
-4,22241526;0,92455820;1,47923200
-4,20193526;0,96865750;1,43437000
-4,18145526;0,92455820;1,43437000
-4,16097526;0,92455820;1,43437000
-4,14049526;0,92455820;1,43437000
-4,12001526;0,92455820;1,38966000
-4,09953526;0,92455820;1,34479800
-4,07905526;0,92455820;1,34479800
-4,05857526;0,92455820;1,34479800
-4,03809526;0,88045900;1,34479800
-4,01761526;0,92455820;1,34479800
-3,99713526;0,88045900;1,29993600
-3,97665526;0,88045900;1,29993600
-3,95617526;0,88045900;1,29993600
-3,93569526;0,88045900;1,25507400
-3,91521526;0,83635970;1,25507400
-3,89473526;0,83635970;1,25507400
-3,87425526;0,83635970;1,25507400
-3,85377526;0,83635970;1,21021200
-3,83329526;0,79226050;1,21021200
-3,81281526;0,79226050;1,21021200
-3,79233526;0,79226050;1,21021200
-3,77185526;0,79226050;1,16550200
-3,75137526;0,79226050;1,16550200
-3,73089526;0,74816130;1,16550200
-3,71041526;0,74816130;1,12064000
-3,68993526;0,74816130;1,12064000
-3,66945526;0,74816130;1,12064000
-3,64897526;0,74816130;1,12064000
-3,62849526;0,74816130;1,07577700
-3,60801526;0,74816130;1,07577700
-3,58753526;0,74816130;1,07577700
-3,56705526;0,70390940;1,07577700
-3,54657526;0,70390940;1,03091500
-3,52609526;0,70390940;1,03091500
-3,50561526;0,70390940;1,03091500
-3,48513526;0,65981020;0,98605300
-3,46465526;0,65981020;0,98605300
-3,44417526;0,65981020;0,98605300
-3,42369526;0,65981020;0,98605300
-3,40321526;0,65981020;0,98605300
-3,38273526;0,65981020;0,94134340
-3,36225526;0,61571090;0,94134340
-3,34177526;0,57161170;0,89648120
-3,32129526;0,61571090;0,89648120
-3,30081526;0,57161170;0,89648120
-3,28033526;0,57161170;0,89648120
-3,25985526;0,57161170;0,89648120
-3,23937526;0,57161170;0,85161900
-3,21889526;0,57161170;0,85161900
-3,19841526;0,57161170;0,80675680
-3,17793526;0,57161170;0,80675680
-3,15745526;0,52751240;0,80675680
-3,13697526;0,52751240;0,80675680
-3,11649526;0,52751240;0,80675680
-3,09601526;0,52751240;0,76189460
-3,07553526;0,48341320;0,76189460
-3,05505526;0,48341320;0,76189460
-3,03457526;0,48341320;0,76189460
-3,01409526;0,48341320;0,71703240
-2,99361526;0,48341320;0,71703240
-2,97313526;0,48341320;0,71703240
-2,95265526;0,43931390;0,71703240
-2,93217526;0,43931390;0,67232280
-2,91169526;0,43931390;0,67232280
-2,89121526;0,39521470;0,67232280
-2,87073526;0,43931390;0,62746050
-2,85025527;0,39521470;0,62746050
-2,82977527;0,39521470;0,62746050
-2,80929527;0,39521470;0,62746050
-2,78881527;0,39521470;0,62746050
-2,76833527;0,39521470;0,58259830
-2,74785527;0,39521470;0,58259830
-2,72737527;0,39521470;0,58259830
-2,70689527;0,39521470;0,53773610
-2,68641527;0,35111550;0,49287390
-2,66593527;0,35111550;0,49287390
-2,64545527;0,35111550;0,49287390
-2,62497527;0,30701620;0,49287390
-2,60449527;0,30701620;0,44816430
-2,58401527;0,30701620;0,44816430
-2,56353527;0,30701620;0,44816430
-2,54305527;0,30701620;0,44816430
-2,52257527;0,30701620;0,40330210
-2,50209527;0,26291700;0,40330210
-2,48161527;0,26291700;0,40330210
-2,46113527;0,26291700;0,40330210
-2,44065527;0,21881770;0,40330210
-2,42017527;0,26291700;0,35843990
-2,39969527;0,21881770;0,35843990
-2,37921527;0,21881770;0,35843990
-2,35873527;0,21881770;0,31357770
-2,33825527;0,21881770;0,31357770
-2,31777527;0,21881770;0,31357770
-2,29729527;0,21881770;0,26871550
-2,27681527;0,17471850;0,26871550
-2,25633527;0,17471850;0,22400590
-2,23585527;0,17471850;0,22400590
-2,21537527;0,17471850;0,22400590
-2,19489527;0,17471850;0,22400590
-2,17441527;0,13061920;0,22400590
-2,15393527;0,13061920;0,17929620
-2,13345527;0,13061920;0,22400590
-2,11297527;0,13061920;0,17929620
-2,09249527;0,13061920;0,17929620
-2,07201527;0,08651997;0,17929620
-2,05153527;0,08651997;0,13443400
-2,03105527;0,08651997;0,13443400
-2,01057527;0,08651997;0,13443400
-1,99009527;0,08651997;0,08957183
-1,96961527;0,04242073;0,08957183
-1,94913527;0,04242073;0,08957183
-1,92865527;0,04242073;0,04470962
-1,90817527;0,04242073;0,04470962
-1,88769527;0,04242073;0,04470962
-1,86721527;0,04242073;0,04470962
-1,84673527;0,04242073;-0,00015259
-1,82625527;-0,00167852;-0,00015259
-1,80577527;-0,00167852;-0,00015259
-1,78529527;-0,00167852;-0,00015259
-1,76481527;0,04242073;-0,00015259
-1,74433527;0,04242073;0,04470962
-1,72385527;0,04242073;0,04470962
-1,70337527;0,04242073;0,04470962
-1,68289527;0,04242073;0,08957183
-1,66241527;0,04242073;0,08957183
-1,64193527;0,04242073;0,08957183
-1,62145527;0,04242073;0,08957183
-1,60097527;0,04242073;0,08957183
-1,58049527;0,08651997;0,08957183
-1,56001527;0,08651997;0,08957183
-1,53953527;0,08651997;0,13443400
-1,51905527;0,08651997;0,13443400
-1,49857527;0,13061920;0,17929620
-1,47809527;0,13061920;0,17929620
-1,45761527;0,13061920;0,17929620
-1,43713527;0,13061920;0,22400590
-1,41665527;0,17471850;0,22400590
-1,39617527;0,17471850;0,22400590
-1,37569527;0,17471850;0,26871550
-1,35521527;0,17471850;0,22400590
-1,33473527;0,17471850;0,26871550
-1,31425527;0,17471850;0,26871550
-1,29377527;0,21881770;0,26871550
-1,27329527;0,21881770;0,26871550
-1,25281527;0,21881770;0,31357770
-1,23233527;0,21881770;0,31357770
-1,21185527;0,21881770;0,31357770
-1,19137528;0,21881770;0,35843990
-1,17089528;0,21881770;0,35843990
-1,15041528;0,21881770;0,40330210
-1,12993528;0,26291700;0,40330210
-1,10945528;0,26291700;0,40330210
-1,08897528;0,26291700;0,40330210
-1,06849528;0,26291700;0,40330210
-1,04801528;0,30701620;0,40330210
-1,02753528;0,30701620;0,44816430
-1,00705528;0,30701620;0,44816430
-0,98657528;0,30701620;0,44816430
-0,96609528;0,35111550;0,49287390
-0,94561528;0,35111550;0,49287390
-0,92513528;0,35111550;0,49287390
-0,90465528;0,35111550;0,49287390
-0,88417528;0,35111550;0,58259830
-0,86369528;0,39521470;0,58259830
-0,84321528;0,35111550;0,58259830
-0,82273528;0,39521470;0,58259830
-0,80225528;0,39521470;0,58259830
-0,78177528;0,39521470;0,58259830
-0,76129528;0,39521470;0,62746050
-0,74081528;0,39521470;0,62746050
-0,72033528;0,39521470;0,62746050
-0,69985528;0,43931390;0,62746050
-0,67937528;0,43931390;0,67232280
-0,65889528;0,43931390;0,67232280
-0,63841528;0,43931390;0,71703240
-0,61793528;0,43931390;0,71703240
-0,59745528;0,48341320;0,71703240
-0,57697528;0,48341320;0,71703240
-0,55649528;0,48341320;0,76189460
-0,53601528;0,48341320;0,76189460
-0,51553528;0,52751240;0,76189460
-0,49505528;0,52751240;0,76189460
-0,47457528;0,52751240;0,80675680
-0,45409528;0,52751240;0,80675680
-0,43361528;0,57161170;0,80675680
-0,41313528;0,52751240;0,80675680
-0,39265528;0,57161170;0,80675680
-0,37217528;0,57161170;0,85161900
-0,35169528;0,57161170;0,85161900
-0,33121528;0,57161170;0,85161900
-0,31073528;0,57161170;0,89648120
-0,29025528;0,61571090;0,89648120
-0,26977528;0,57161170;0,89648120
-0,24929528;0,57161170;0,94134340
-0,22881528;0,61571090;0,94134340
-0,20833528;0,61571090;0,94134340
-0,18785528;0,61571090;0,94134340
-0,16737528;0,65981020;0,98605300
-0,14689528;0,65981020;0,98605300
-0,12641528;0,70390940;0,98605300
-0,10593528;0,70390940;1,03091500
-0,08545528;0,70390940;0,98605300
-0,06497528;0,70390940;1,03091500
-0,04449528;0,70390940;1,03091500
-0,02401528;0,70390940;1,07577700
-0,00353528;0,70390940;1,07577700
0,01694472;0,74816130;1,07577700
0,03742472;0,74816130;1,12064000
0,05790472;0,74816130;1,12064000
0,07838472;0,74816130;1,12064000
0,09886472;0,74816130;1,12064000
0,11934472;0,74816130;1,12064000
0,13982472;0,74816130;1,16550200
0,16030472;0,74816130;1,16550200
0,18078472;0,79226050;1,16550200
0,20126472;0,79226050;1,16550200
0,22174472;0,83635970;1,16550200
0,24222472;0,79226050;1,21021200
0,26270472;0,83635970;1,21021200
0,28318472;0,83635970;1,21021200
0,30366472;0,83635970;1,25507400
0,32414472;0,83635970;1,25507400
0,34462472;0,88045900;1,29993600
0,36510472;0,83635970;1,29993600
0,38558472;0,88045900;1,29993600
0,40606472;0,88045900;1,29993600
0,42654472;0,92455820;1,34479800
0,44702471;0,88045900;1,29993600
0,46750471;0,92455820;1,34479800
0,48798471;0,92455820;1,38966000
0,50846471;0,92455820;1,38966000
0,52894471;0,92455820;1,38966000
0,54942471;0,92455820;1,43437000
0,56990471;0,92455820;1,43437000
0,59038471;0,96865750;1,43437000
0,61086471;0,96865750;1,43437000
0,63134471;0,96865750;1,47923200
0,65182471;0,96865750;1,47923200
0,67230471;0,96865750;1,47923200
0,69278471;1,01275700;1,47923200
0,71326471;1,01275700;1,52409400
0,73374471;1,01275700;1,47923200
0,75422471;1,01275700;1,52409400
0,77470471;1,05685600;1,52409400
0,79518471;1,05685600;1,52409400
0,81566471;1,05685600;1,56895700
0,83614471;1,05685600;1,56895700
0,85662471;1,05685600;1,56895700
0,87710471;1,10095500;1,56895700
0,89758471;1,10095500;1,61381900
0,91806471;1,10095500;1,61381900
0,93854471;1,10095500;1,65868100
0,95902471;1,10095500;1,65868100
0,97950471;1,10095500;1,65868100
0,99998471;1,10095500;1,65868100
1,02046471;1,14505400;1,65868100
1,04094471;1,10095500;1,70339100
1,06142471;1,14505400;1,70339100
1,08190471;1,18915400;1,70339100
1,10238471;1,18915400;1,70339100
1,12286471;1,18915400;1,70339100
1,14334471;1,18915400;1,74825300
1,16382471;1,18915400;1,74825300
1,18430471;1,18915400;1,74825300
1,20478471;1,18915400;1,79311500
1,22526471;1,23325300;1,79311500
1,24574471;1,23325300;1,79311500
1,26622471;1,23325300;1,83797700
1,28670471;1,23325300;1,83797700
1,30718471;1,23325300;1,83797700
1,32766471;1,27735200;1,88283900
1,34814471;1,27735200;1,88283900
1,36862471;1,27735200;1,88283900
1,38910471;1,27735200;1,88283900
1,40958471;1,27735200;1,88283900
1,43006471;1,27735200;1,92754900
1,45054471;1,27735200;1,92754900
1,47102471;1,27735200;1,92754900
1,49150471;1,27735200;1,92754900
1,51198471;1,32145100;1,97241100
1,53246471;1,32145100;1,97241100
1,55294471;1,32145100;1,97241100
1,57342471;1,32145100;2,01727300
1,59390471;1,36555100;2,01727300
1,61438471;1,36555100;2,06213600
1,63486471;1,36555100;2,01727300
1,65534471;1,36555100;2,06213600
1,67582471;1,36555100;2,06213600
1,69630471;1,40965000;2,06213600
1,71678471;1,40965000;2,06213600
1,73726471;1,40965000;2,10699800
1,75774471;1,45390200;2,15170700
1,77822471;1,45390200;2,15170700
1,79870471;1,45390200;2,15170700
1,81918471;1,45390200;2,15170700
1,83966471;1,45390200;2,19657000
1,86014471;1,45390200;2,19657000
1,88062471;1,45390200;2,19657000
1,90110471;1,45390200;2,19657000
1,92158471;1,45390200;2,19657000
1,94206471;1,49800100;2,24143200
1,96254471;1,49800100;2,24143200
1,98302471;1,49800100;2,24143200
2,00350471;1,49800100;2,28629400
2,02398471;1,49800100;2,24143200
2,04446471;1,54210000;2,28629400
2,06494471;1,54210000;2,28629400
2,08542471;1,54210000;2,33115600
2,10590470;1,54210000;2,33115600
2,12638470;1,58620000;2,33115600
2,14686470;1,54210000;2,37601900
2,16734470;1,58620000;2,37601900
2,18782470;1,58620000;2,37601900
2,20830470;1,63029900;2,37601900
2,22878470;1,63029900;2,37601900
2,24926470;1,63029900;2,42072800
2,26974470;1,63029900;2,42072800
2,29022470;1,63029900;2,42072800
2,31070470;1,63029900;2,42072800
2,33118470;1,63029900;2,46559000
2,35166470;1,63029900;2,51045300
2,37214470;1,63029900;2,46559000
2,39262470;1,67439800;2,51045300
2,41310470;1,67439800;2,51045300
2,43358470;1,67439800;2,51045300
2,45406470;1,71849700;2,51045300
2,47454470;1,67439800;2,55531500
2,49502470;1,67439800;2,55531500
2,51550470;1,71849700;2,55531500
2,53598470;1,71849700;2,60017700
2,55646470;1,71849700;2,60017700
2,57694470;1,76259600;2,60017700
2,59742470;1,71849700;2,60017700
2,61790470;1,76259600;2,60017700
2,63838470;1,76259600;2,60017700
2,65886470;1,76259600;2,64488700
2,67934470;1,80669600;2,68974900
2,69982470;1,80669600;2,68974900
2,72030470;1,80669600;2,68974900
2,74078470;1,80669600;2,73461100
2,76126470;1,80669600;2,73461100
2,78174470;1,80669600;2,73461100
2,80222470;1,80669600;2,73461100
2,82270470;1,80669600;2,77947300
2,84318470;1,85079500;2,77947300
2,86366470;1,85079500;2,77947300
2,88414470;1,85079500;2,77947300
2,90462470;1,85079500;2,77947300
2,92510470;1,85079500;2,82433600
2,94558470;1,89489400;2,82433600
2,96606470;1,89489400;2,86904500
2,98654470;1,89489400;2,86904500
3,00702470;1,89489400;2,86904500
3,02750470;1,89489400;2,86904500
3,04798470;1,93899300;2,86904500
3,06846470;1,93899300;2,91390700
3,08894470;1,93899300;2,91390700
3,10942470;1,98309300;2,91390700
3,12990470;1,98309300;2,95877000
3,15038470;1,98309300;2,95877000
3,17086470;1,98309300;2,95877000
3,19134470;1,98309300;2,95877000
3,21182470;1,98309300;2,95877000
3,23230470;1,98309300;2,95877000
3,25278470;1,93899300;2,95877000
3,27326470;1,93899300;2,95877000
3,29374470;1,98309300;2,91390700
3,31422470;1,93899300;2,91390700
3,33470470;1,93899300;2,91390700
3,35518470;1,89489400;2,91390700
3,37566470;1,93899300;2,86904500
3,39614470;1,89489400;2,86904500
3,41662470;1,89489400;2,86904500
3,43710470;1,89489400;2,86904500
3,45758470;1,89489400;2,86904500
3,47806470;1,89489400;2,82433600
3,49854470;1,89489400;2,82433600
3,51902470;1,85079500;2,77947300
3,53950470;1,85079500;2,77947300
3,55998470;1,85079500;2,77947300
3,58046470;1,85079500;2,73461100
3,60094470;1,80669600;2,73461100
3,62142470;1,80669600;2,73461100
3,64190470;1,80669600;2,73461100
3,66238470;1,80669600;2,73461100
3,68286470;1,80669600;2,73461100
3,70334470;1,80669600;2,68974900
3,72382470;1,76259600;2,68974900
3,74430469;1,76259600;2,64488700
3,76478469;1,76259600;2,64488700
3,78526469;1,76259600;2,64488700
3,80574469;1,76259600;2,60017700
3,82622469;1,76259600;2,60017700
3,84670469;1,71849700;2,60017700
3,86718469;1,76259600;2,60017700
3,88766469;1,71849700;2,55531500
3,90814469;1,71849700;2,55531500
3,92862469;1,71849700;2,55531500
3,94910469;1,71849700;2,55531500
3,96958469;1,67439800;2,55531500
3,99006469;1,67439800;2,51045300
4,01054469;1,67439800;2,51045300
4,03102469;1,63029900;2,51045300
4,05150469;1,63029900;2,46559000
4,07198469;1,63029900;2,46559000
4,09246469;1,63029900;2,42072800
4,11294469;1,63029900;2,42072800
4,13342469;1,63029900;2,42072800
4,15390469;1,63029900;2,42072800
4,17438469;1,58620000;2,37601900
4,19486469;1,58620000;2,37601900
4,21534469;1,58620000;2,37601900
4,23582469;1,58620000;2,37601900
4,25630469;1,58620000;2,37601900
4,27678469;1,58620000;2,37601900
4,29726469;1,54210000;2,33115600
4,31774469;1,58620000;2,33115600
4,33822469;1,54210000;2,28629400
4,35870469;1,54210000;2,28629400
4,37918469;1,54210000;2,24143200
4,39966469;1,54210000;2,28629400
4,42014469;1,49800100;2,24143200
4,44062469;1,49800100;2,24143200
4,46110469;1,49800100;2,24143200
4,48158469;1,49800100;2,19657000
4,50206469;1,45390200;2,19657000
4,52254469;1,45390200;2,19657000
4,54302469;1,45390200;2,19657000
4,56350469;1,45390200;2,19657000
4,58398469;1,45390200;2,15170700
4,60446469;1,45390200;2,15170700
4,62494469;1,45390200;2,15170700
4,64542469;1,40965000;2,15170700
4,66590469;1,40965000;2,10699800
4,68638469;1,40965000;2,10699800
4,70686469;1,36555100;2,06213600
4,72734469;1,40965000;2,06213600
4,74782469;1,36555100;2,06213600
4,76830469;1,40965000;2,06213600
4,78878469;1,36555100;2,01727300
4,80926469;1,36555100;2,01727300
4,82974469;1,36555100;2,01727300
4,85022469;1,36555100;2,01727300
4,87070469;1,32145100;2,01727300
4,89118469;1,36555100;2,01727300
4,91166469;1,32145100;1,97241100
4,93214469;1,27735200;1,97241100
4,95262469;1,27735200;1,92754900
4,97310469;1,27735200;1,92754900
4,99358469;1,27735200;1,92754900
5,01406469;1,27735200;1,88283900
5,03454469;1,27735200;1,88283900
5,05502469;1,27735200;1,88283900
5,07550469;1,27735200;1,83797700
5,09598469;1,23325300;1,83797700
5,11646469;1,23325300;1,83797700
5,13694469;1,23325300;1,83797700
5,15742469;1,23325300;1,83797700
5,17790469;1,23325300;1,79311500
5,19838469;1,23325300;1,79311500
5,21886469;1,23325300;1,79311500
5,23934469;1,23325300;1,74825300
5,25982469;1,18915400;1,74825300
5,28030469;1,18915400;1,74825300
5,30078469;1,18915400;1,74825300
5,32126469;1,14505400;1,70339100
5,34174469;1,18915400;1,70339100
5,36222469;1,14505400;1,70339100
5,38270468;1,10095500;1,70339100
5,40318468;1,10095500;1,65868100
5,42366468;1,10095500;1,65868100
5,44414468;1,10095500;1,65868100
5,46462468;1,10095500;1,65868100
5,48510468;1,10095500;1,61381900
5,50558468;1,10095500;1,61381900
5,52606468;1,10095500;1,61381900
5,54654468;1,10095500;1,56895700
5,56702468;1,05685600;1,56895700
5,58750468;1,05685600;1,52409400
5,60798468;1,05685600;1,52409400
5,62846468;1,05685600;1,52409400
5,64894468;1,01275700;1,52409400
5,66942468;1,01275700;1,52409400
5,68990468;1,01275700;1,52409400
5,71038468;1,01275700;1,47923200
5,73086468;1,01275700;1,47923200
5,75134468;0,96865750;1,47923200
5,77182468;0,96865750;1,47923200
5,79230468;0,96865750;1,43437000
5,81278468;0,92455820;1,43437000
5,83326468;0,96865750;1,43437000
5,85374468;0,92455820;1,43437000
5,87422468;0,92455820;1,38966000
5,89470468;0,92455820;1,38966000
5,91518468;0,92455820;1,34479800
5,93566468;0,92455820;1,34479800
5,95614468;0,88045900;1,34479800
5,97662468;0,88045900;1,34479800
5,99710468;0,88045900;1,29993600
6,01758468;0,88045900;1,29993600
6,03806468;0,83635970;1,29993600
6,05854468;0,83635970;1,29993600
6,07902468;0,83635970;1,25507400
6,09950468;0,83635970;1,25507400
6,11998468;0,83635970;1,25507400
6,14046468;0,83635970;1,21021200
6,16094468;0,79226050;1,21021200
6,18142468;0,83635970;1,21021200
6,20190468;0,79226050;1,16550200
6,22238468;0,79226050;1,16550200
6,24286468;0,79226050;1,16550200
6,26334468;0,74816130;1,16550200
6,28382468;0,74816130;1,12064000
6,30430468;0,74816130;1,12064000
6,32478468;0,74816130;1,12064000
6,34526468;0,74816130;1,12064000
6,36574468;0,74816130;1,12064000
6,38622468;0,74816130;1,07577700
6,40670468;0,74816130;1,07577700
6,42718468;0,70390940;1,07577700
6,44766468;0,70390940;1,03091500
6,46814468;0,65981020;1,03091500
6,48862468;0,65981020;1,03091500
6,50910468;0,70390940;0,98605300
6,52958468;0,65981020;1,03091500
6,55006468;0,70390940;0,98605300
6,57054468;0,65981020;0,98605300
6,59102468;0,65981020;0,94134340
6,61150468;0,65981020;0,94134340
6,63198468;0,61571090;0,94134340
6,65246468;0,61571090;0,94134340
6,67294468;0,61571090;0,94134340
6,69342468;0,61571090;0,89648120
6,71390468;0,57161170;0,89648120
6,73438468;0,57161170;0,89648120
6,75486468;0,57161170;0,89648120
6,77534468;0,57161170;0,85161900
6,79582468;0,52751240;0,80675680
6,81630468;0,57161170;0,80675680
6,83678468;0,52751240;0,80675680
6,85726468;0,52751240;0,80675680
6,87774468;0,52751240;0,76189460
6,89822468;0,52751240;0,76189460
6,91870468;0,52751240;0,76189460
6,93918468;0,52751240;0,76189460
6,95966468;0,48341320;0,76189460
6,98014468;0,48341320;0,76189460
7,00062468;0,48341320;0,71703240
7,02110468;0,48341320;0,71703240
7,04158467;0,48341320;0,67232280
7,06206467;0,43931390;0,67232280
7,08254467;0,43931390;0,67232280
7,10302467;0,43931390;0,67232280
7,12350467;0,39521470;0,62746050
7,14398467;0,39521470;0,62746050
7,16446467;0,39521470;0,62746050
7,18494467;0,39521470;0,62746050
7,20542467;0,39521470;0,58259830
7,22590467;0,39521470;0,58259830
7,24638467;0,39521470;0,58259830
7,26686467;0,35111550;0,58259830
7,28734467;0,35111550;0,53773610
7,30782467;0,35111550;0,53773610
7,32830467;0,35111550;0,53773610
7,34878467;0,30701620;0,49287390
7,36926467;0,35111550;0,49287390
7,38974467;0,30701620;0,49287390
7,41022467;0,30701620;0,44816430
7,43070467;0,30701620;0,44816430
7,45118467;0,30701620;0,44816430
7,47166467;0,30701620;0,44816430
7,49214467;0,26291700;0,40330210
7,51262467;0,26291700;0,40330210
7,53310467;0,26291700;0,40330210
7,55358467;0,26291700;0,40330210
7,57406467;0,21881770;0,35843990
7,59454467;0,26291700;0,40330210
7,61502467;0,21881770;0,35843990
7,63550467;0,21881770;0,35843990
7,65598467;0,21881770;0,31357770
7,67646467;0,21881770;0,31357770
7,69694467;0,21881770;0,31357770
7,71742467;0,21881770;0,26871550
7,73790467;0,17471850;0,26871550
7,75838467;0,17471850;0,22400590
7,77886467;0,17471850;0,22400590
7,79934467;0,13061920;0,22400590
7,81982467;0,17471850;0,22400590
7,84030467;0,13061920;0,22400590
7,86078467;0,13061920;0,17929620
7,88126467;0,13061920;0,17929620
7,90174467;0,13061920;0,17929620
7,92222467;0,08651997;0,17929620
7,94270467;0,08651997;0,13443400
7,96318467;0,08651997;0,13443400
7,98366467;0,08651997;0,13443400
8,00414467;0,08651997;0,13443400
8,02462467;0,04242073;0,08957183
8,04510467;0,08651997;0,08957183
8,06558467;0,04242073;0,08957183
8,08606467;0,04242073;0,04470962
8,10654467;0,04242073;0,04470962
8,12702467;0,04242073;0,04470962
8,14750467;0,04242073;0,04470962
8,16798467;-0,00167852;-0,00015259
8,18846467;-0,00167852;-0,00015259
8,20894467;-0,00167852;-0,00015259
8,22942467;0,04242073;-0,00015259
8,24990467;0,04242073;0,04470962
8,27038467;0,04242073;0,04470962
8,29086467;0,04242073;0,04470962
8,31134467;0,04242073;0,04470962
8,33182467;0,04242073;0,04470962
8,35230467;0,04242073;0,04470962
8,37278467;0,04242073;0,08957183
8,39326467;0,04242073;0,08957183
8,41374467;0,08651997;0,13443400
8,43422467;0,08651997;0,08957183
8,45470467;0,08651997;0,13443400
8,47518467;0,08651997;0,17929620
8,49566467;0,13061920;0,17929620
8,51614467;0,13061920;0,17929620
8,53662467;0,13061920;0,17929620
8,55710467;0,13061920;0,17929620
8,57758467;0,13061920;0,17929620
8,59806467;0,13061920;0,22400590
8,61854467;0,17471850;0,22400590
8,63902467;0,17471850;0,22400590
8,65950467;0,21881770;0,26871550
8,67998466;0,21881770;0,26871550
8,70046466;0,17471850;0,26871550
8,72094466;0,21881770;0,31357770
8,74142466;0,21881770;0,31357770
8,76190466;0,21881770;0,31357770
8,78238466;0,21881770;0,35843990
8,80286466;0,21881770;0,35843990
8,82334466;0,21881770;0,35843990
8,84382466;0,26291700;0,40330210
8,86430466;0,26291700;0,35843990
8,88478466;0,26291700;0,40330210
8,90526466;0,26291700;0,40330210
8,92574466;0,30701620;0,40330210
8,94622466;0,30701620;0,44816430
8,96670466;0,30701620;0,44816430
8,98718466;0,30701620;0,44816430
9,00766466;0,30701620;0,44816430
9,02814466;0,30701620;0,49287390
9,04862466;0,30701620;0,49287390
9,06910466;0,30701620;0,49287390
9,08958466;0,35111550;0,53773610
9,11006466;0,35111550;0,53773610
9,13054466;0,39521470;0,53773610
9,15102466;0,39521470;0,58259830
9,17150466;0,39521470;0,58259830
9,19198466;0,39521470;0,58259830
9,21246466;0,39521470;0,62746050
9,23294466;0,39521470;0,62746050
9,25342466;0,39521470;0,62746050
9,27390466;0,39521470;0,62746050
9,29438466;0,39521470;0,62746050
9,31486466;0,43931390;0,67232280
9,33534466;0,43931390;0,67232280
9,35582466;0,43931390;0,67232280
9,37630466;0,48341320;0,71703240
9,39678466;0,48341320;0,71703240
9,41726466;0,48341320;0,71703240
9,43774466;0,48341320;0,71703240
9,45822466;0,48341320;0,76189460
9,47870466;0,52751240;0,76189460
9,49918466;0,52751240;0,76189460
9,51966466;0,48341320;0,76189460
9,54014466;0,52751240;0,76189460
9,56062466;0,52751240;0,80675680
9,58110466;0,57161170;0,80675680
9,60158466;0,57161170;0,80675680
9,62206466;0,57161170;0,85161900
9,64254466;0,57161170;0,85161900
9,66302466;0,57161170;0,85161900
9,68350466;0,57161170;0,89648120
9,70398466;0,57161170;0,89648120
9,72446466;0,61571090;0,89648120
9,74494466;0,61571090;0,94134340
9,76542466;0,61571090;0,94134340
9,78590466;0,61571090;0,94134340
9,80638466;0,65981020;0,94134340
9,82686466;0,65981020;0,98605300
9,84734466;0,65981020;0,98605300
9,86782466;0,65981020;0,98605300
9,88830466;0,65981020;0,98605300
9,90878466;0,65981020;0,98605300
9,92926466;0,65981020;0,98605300
9,94974466;0,70390940;1,07577700
9,97022466;0,70390940;1,03091500
9,99070466;0,70390940;1,07577700
10,01118466;0,74816130;1,07577700
10,03166466;0,74816130;1,12064000
10,05214466;0,74816130;1,12064000
10,07262466;0,74816130;1,12064000
10,09310466;0,74816130;1,12064000
10,11358466;0,74816130;1,16550200
10,13406466;0,74816130;1,16550200
10,15454466;0,79226050;1,16550200
10,17502466;0,79226050;1,16550200
10,19550466;0,79226050;1,16550200
10,21598466;0,79226050;1,21021200
10,23646466;0,79226050;1,21021200
10,25694466;0,83635970;1,25507400
10,27742466;0,83635970;1,25507400
10,29790466;0,83635970;1,21021200
10,31838465;0,83635970;1,25507400
10,33886465;0,88045900;1,25507400
10,35934465;0,88045900;1,29993600
10,37982465;0,88045900;1,29993600
10,40030465;0,88045900;1,29993600
10,42078465;0,88045900;1,29993600
10,44126465;0,92455820;1,34479800
10,46174465;0,88045900;1,34479800
10,48222465;0,92455820;1,38966000
10,50270465;0,92455820;1,38966000
10,52318465;0,92455820;1,38966000
10,54366465;0,92455820;1,43437000
10,56414465;0,92455820;1,43437000
10,58462465;0,92455820;1,43437000
10,60510465;0,96865750;1,43437000
10,62558465;0,96865750;1,43437000
10,64606465;0,96865750;1,43437000
10,66654465;1,01275700;1,47923200
10,68702465;1,01275700;1,47923200
10,70750465;1,01275700;1,47923200
10,72798465;1,01275700;1,47923200
10,74846465;1,05685600;1,52409400
10,76894465;1,05685600;1,52409400
10,78942465;1,01275700;1,52409400
10,80990465;1,05685600;1,56895700
10,83038465;1,05685600;1,56895700
10,85086465;1,05685600;1,56895700
10,87134465;1,05685600;1,56895700
10,89182465;1,05685600;1,61381900
10,91230465;1,10095500;1,61381900
10,93278465;1,10095500;1,61381900
10,95326465;1,10095500;1,61381900
10,97374465;1,10095500;1,65868100
10,99422465;1,10095500;1,65868100
11,01470465;1,14505400;1,65868100
11,03518465;1,10095500;1,70339100
11,05566465;1,10095500;1,70339100
11,07614465;1,14505400;1,70339100
11,09662465;1,18915400;1,70339100
11,11710465;1,18915400;1,70339100
11,13758465;1,18915400;1,74825300
11,15806465;1,18915400;1,74825300
11,17854465;1,18915400;1,79311500
11,19902465;1,18915400;1,74825300
11,21950465;1,23325300;1,79311500
11,23998465;1,23325300;1,83797700
11,26046465;1,23325300;1,83797700
11,28094465;1,23325300;1,83797700
11,30142465;1,23325300;1,83797700
11,32190465;1,27735200;1,83797700
11,34238465;1,27735200;1,83797700
11,36286465;1,27735200;1,88283900
11,38334465;1,27735200;1,88283900
11,40382465;1,27735200;1,88283900
11,42430465;1,27735200;1,92754900
11,44478465;1,27735200;1,92754900
11,46526465;1,27735200;1,97241100
11,48574465;1,27735200;1,92754900
11,50622465;1,27735200;1,97241100
11,52670465;1,32145100;2,01727300
11,54718465;1,32145100;1,97241100
11,56766465;1,32145100;2,01727300
11,58814465;1,36555100;2,01727300
11,60862465;1,36555100;2,06213600
11,62910465;1,36555100;2,06213600
11,64958465;1,36555100;2,01727300
11,67006465;1,40965000;2,06213600
11,69054465;1,40965000;2,06213600
11,71102465;1,40965000;2,06213600
11,73150465;1,40965000;2,06213600
11,75198465;1,40965000;2,10699800
11,77246465;1,40965000;2,10699800
11,79294465;1,45390200;2,15170700
11,81342465;1,45390200;2,15170700
11,83390465;1,45390200;2,19657000
11,85438465;1,45390200;2,19657000
11,87486465;1,45390200;2,19657000
11,89534465;1,45390200;2,19657000
11,91582465;1,45390200;2,19657000
11,93630465;1,49800100;2,24143200
11,95678465;1,49800100;2,24143200
11,97726464;1,49800100;2,24143200
11,99774464;1,49800100;2,24143200
12,01822464;1,49800100;2,24143200
12,03870464;1,54210000;2,28629400
12,05918464;1,54210000;2,28629400
12,07966464;1,54210000;2,28629400
12,10014464;1,54210000;2,33115600
12,12062464;1,54210000;2,33115600
12,14110464;1,58620000;2,33115600
12,16158464;1,58620000;2,33115600
12,18206464;1,58620000;2,37601900
12,20254464;1,58620000;2,37601900
12,22302464;1,58620000;2,37601900
12,24350464;1,63029900;2,42072800
12,26398464;1,63029900;2,42072800
12,28446464;1,63029900;2,42072800
12,30494464;1,63029900;2,42072800
12,32542464;1,63029900;2,46559000
12,34590464;1,63029900;2,46559000
12,36638464;1,63029900;2,51045300
12,38686464;1,67439800;2,51045300
12,40734464;1,67439800;2,51045300
12,42782464;1,67439800;2,55531500
12,44830464;1,67439800;2,55531500
12,46878464;1,67439800;2,55531500
12,48926464;1,71849700;2,55531500
12,50974464;1,71849700;2,55531500
12,53022464;1,71849700;2,60017700
12,55070464;1,71849700;2,55531500
12,57118464;1,71849700;2,60017700
12,59166464;1,76259600;2,60017700
12,61214464;1,76259600;2,60017700
12,63262464;1,76259600;2,64488700
12,65310464;1,76259600;2,64488700
12,67358464;1,80669600;2,64488700
12,69406464;1,76259600;2,68974900
12,71454464;1,80669600;2,68974900
12,73502464;1,80669600;2,68974900
12,75550464;1,80669600;2,73461100
12,77598464;1,80669600;2,73461100
12,79646464;1,80669600;2,73461100
12,81694464;1,80669600;2,77947300
12,83742464;1,80669600;2,77947300
12,85790464;1,85079500;2,77947300
12,87838464;1,85079500;2,77947300
12,89886464;1,85079500;2,77947300
12,91934464;1,85079500;2,82433600
12,93982464;1,89489400;2,82433600
12,96030464;1,89489400;2,86904500
12,98078464;1,89489400;2,82433600
13,00126464;1,89489400;2,86904500
13,02174464;1,93899300;2,86904500
13,04222464;1,93899300;2,91390700
13,06270464;1,93899300;2,91390700
13,08318464;1,93899300;2,91390700
13,10366464;1,93899300;2,91390700
13,12414464;1,93899300;2,95877000
13,14462464;1,98309300;2,91390700
13,16510464;1,98309300;2,95877000
13,18558464;1,98309300;2,95877000
13,20606464;1,98309300;3,00363200
13,22654464;1,98309300;2,95877000
13,24702464;1,98309300;2,95877000
13,26750464;1,93899300;2,91390700
13,28798464;1,98309300;2,91390700
13,30846464;1,93899300;2,91390700
13,32894464;1,93899300;2,91390700
13,34942464;1,93899300;2,91390700
13,36990464;1,93899300;2,86904500
13,39038464;1,89489400;2,86904500
13,41086464;1,89489400;2,86904500
13,43134464;1,89489400;2,86904500
13,45182464;1,89489400;2,82433600
13,47230464;1,89489400;2,86904500
13,49278464;1,85079500;2,82433600
13,51326464;1,85079500;2,77947300
13,53374464;1,85079500;2,77947300
13,55422464;1,85079500;2,77947300
13,57470464;1,85079500;2,77947300
13,59518464;1,80669600;2,73461100
13,61566463;1,80669600;2,73461100
13,63614463;1,80669600;2,73461100
13,65662463;1,80669600;2,73461100
13,67710463;1,80669600;2,68974900
13,69758463;1,80669600;2,68974900
13,71806463;1,76259600;2,68974900
13,73854463;1,76259600;2,64488700
13,75902463;1,76259600;2,64488700
13,77950463;1,76259600;2,64488700
13,79998463;1,71849700;2,60017700
13,82046463;1,76259600;2,60017700
13,84094463;1,71849700;2,60017700
13,86142463;1,71849700;2,60017700
13,88190463;1,71849700;2,60017700
13,90238463;1,71849700;2,55531500
13,92286463;1,71849700;2,55531500
13,94334463;1,71849700;2,51045300
13,96382463;1,67439800;2,55531500
13,98430463;1,67439800;2,51045300
14,00478463;1,67439800;2,51045300
14,02526463;1,67439800;2,51045300
14,04574463;1,63029900;2,51045300
14,06622463;1,63029900;2,46559000
14,08670463;1,63029900;2,42072800
14,10718463;1,63029900;2,46559000
14,12766463;1,63029900;2,42072800
14,14814463;1,63029900;2,42072800
14,16862463;1,63029900;2,42072800
14,18910463;1,58620000;2,37601900
14,20958463;1,58620000;2,37601900
14,23006463;1,58620000;2,37601900
14,25054463;1,58620000;2,33115600
14,27102463;1,54210000;2,37601900
14,29150463;1,58620000;2,33115600
14,31198463;1,54210000;2,33115600
14,33246463;1,54210000;2,28629400
14,35294463;1,54210000;2,33115600
14,37342463;1,49800100;2,28629400
14,39390463;1,54210000;2,24143200
14,41438463;1,49800100;2,28629400
14,43486463;1,49800100;2,24143200
14,45534463;1,49800100;2,24143200
14,47582463;1,45390200;2,19657000
14,49630463;1,45390200;2,24143200
14,51678463;1,45390200;2,19657000
14,53726463;1,45390200;2,19657000
14,55774463;1,45390200;2,19657000
14,57822463;1,45390200;2,15170700
14,59870463;1,45390200;2,15170700
14,61918463;1,40965000;2,15170700
14,63966463;1,45390200;2,15170700
14,66014463;1,40965000;2,10699800
14,68062463;1,40965000;2,10699800
14,70110463;1,40965000;2,06213600
14,72158463;1,40965000;2,06213600
14,74206463;1,36555100;2,06213600
14,76254463;1,36555100;2,06213600
14,78302463;1,36555100;2,06213600
14,80350463;1,36555100;2,06213600
14,82398463;1,36555100;2,01727300
14,84446463;1,36555100;2,01727300
14,86494463;1,32145100;1,97241100
14,88542463;1,32145100;1,97241100
14,90590463;1,27735200;1,97241100
14,92638463;1,32145100;1,92754900
14,94686463;1,27735200;1,92754900
14,96734463;1,27735200;1,92754900
14,98782463;1,27735200;1,92754900
15,00830463;1,27735200;1,88283900
15,02878463;1,27735200;1,88283900
15,04926463;1,27735200;1,88283900
15,06974463;1,27735200;1,83797700
15,09022463;1,27735200;1,83797700
15,11070463;1,23325300;1,83797700
15,13118463;1,23325300;1,83797700
15,15166463;1,23325300;1,83797700
15,17214463;1,23325300;1,79311500
15,19262463;1,18915400;1,83797700
15,21310463;1,18915400;1,79311500
15,23358463;1,18915400;1,74825300
15,25406462;1,18915400;1,74825300
15,27454462;1,18915400;1,74825300
15,29502462;1,18915400;1,70339100
15,31550462;1,14505400;1,74825300
15,33598462;1,14505400;1,70339100
15,35646462;1,18915400;1,70339100
15,37694462;1,14505400;1,70339100
15,39742462;1,10095500;1,65868100
15,41790462;1,14505400;1,65868100
15,43838462;1,10095500;1,65868100
15,45886462;1,10095500;1,65868100
15,47934462;1,10095500;1,65868100
15,49982462;1,10095500;1,61381900
15,52030462;1,10095500;1,61381900
15,54078462;1,05685600;1,61381900
15,56126462;1,05685600;1,56895700
15,58174462;1,05685600;1,56895700
15,60222462;1,05685600;1,52409400
15,62270462;1,01275700;1,52409400
15,64318462;1,05685600;1,52409400
15,66366462;1,01275700;1,52409400
15,68414462;1,01275700;1,47923200
15,70462462;1,01275700;1,47923200
15,72510462;1,01275700;1,47923200
15,74558462;1,01275700;1,47923200
15,76606462;1,01275700;1,43437000
15,78654462;0,96865750;1,43437000
15,80702462;0,96865750;1,43437000
15,82750462;0,92455820;1,43437000
15,84798462;0,92455820;1,43437000
15,86846462;0,92455820;1,38966000
15,88894462;0,92455820;1,38966000
15,90942462;0,92455820;1,34479800
15,92990462;0,92455820;1,34479800
15,95038462;0,92455820;1,34479800
15,97086462;0,92455820;1,34479800
15,99134462;0,88045900;1,34479800
16,01182462;0,88045900;1,29993600
16,03230462;0,88045900;1,29993600
16,05278462;0,83635970;1,25507400
16,07326462;0,83635970;1,25507400
16,09374462;0,83635970;1,25507400
16,11422462;0,83635970;1,25507400
16,13470462;0,83635970;1,21021200
16,15518462;0,83635970;1,21021200
16,17566462;0,79226050;1,21021200
16,19614462;0,79226050;1,16550200
16,21662462;0,79226050;1,16550200
16,23710462;0,79226050;1,16550200
16,25758462;0,74816130;1,16550200
16,27806462;0,79226050;1,12064000
16,29854462;0,74816130;1,12064000
16,31902462;0,74816130;1,12064000
16,33950462;0,74816130;1,12064000
16,35998462;0,74816130;1,12064000
16,38046462;0,74816130;1,07577700
16,40094462;0,70390940;1,07577700
16,42142462;0,74816130;1,07577700
16,44190462;0,74816130;1,07577700
16,46238462;0,74816130;1,07577700
16,48286462;0,70390940;1,03091500
16,50334462;0,65981020;0,98605300
16,52382462;0,65981020;0,98605300
16,54430462;0,65981020;0,98605300
16,56478462;0,65981020;0,98605300
16,58526462;0,61571090;0,98605300
16,60574462;0,61571090;0,94134340
16,62622462;0,61571090;0,94134340
16,64670462;0,61571090;0,94134340
16,66718462;0,61571090;0,89648120
16,68766462;0,57161170;0,89648120
16,70814462;0,57161170;0,89648120
16,72862462;0,57161170;0,89648120
16,74910462;0,57161170;0,85161900
16,76958462;0,57161170;0,85161900
16,79006462;0,57161170;0,80675680
16,81054462;0,52751240;0,85161900
16,83102462;0,52751240;0,80675680
16,85150462;0,52751240;0,80675680
16,87198462;0,52751240;0,80675680
16,89246462;0,52751240;0,76189460
16,91294461;0,52751240;0,76189460
16,93342461;0,48341320;0,76189460
16,95390461;0,48341320;0,76189460
16,97438461;0,48341320;0,71703240
16,99486461;0,43931390;0,71703240
17,01534461;0,48341320;0,71703240
17,03582461;0,48341320;0,71703240
17,05630461;0,43931390;0,71703240
17,07678461;0,43931390;0,67232280
17,09726461;0,43931390;0,67232280
17,11774461;0,43931390;0,62746050
17,13822461;0,39521470;0,62746050
17,15870461;0,39521470;0,62746050
17,17918461;0,39521470;0,62746050
17,19966461;0,39521470;0,58259830
17,22014461;0,39521470;0,58259830
17,24062461;0,39521470;0,58259830
17,26110461;0,39521470;0,53773610
17,28158461;0,39521470;0,53773610
17,30206461;0,35111550;0,58259830
17,32254461;0,35111550;0,49287390
17,34302461;0,35111550;0,53773610
17,36350461;0,35111550;0,49287390
17,38398461;0,35111550;0,44816430
17,40446461;0,30701620;0,44816430
17,42494461;0,26291700;0,44816430
17,44542461;0,30701620;0,44816430
17,46590461;0,30701620;0,44816430
17,48638461;0,30701620;0,40330210
17,50686461;0,26291700;0,40330210
17,52734461;0,26291700;0,40330210
17,54782461;0,21881770;0,40330210
17,56830461;0,21881770;0,35843990
17,58878461;0,21881770;0,35843990
17,60926461;0,21881770;0,35843990
17,62974461;0,21881770;0,31357770
17,65022461;0,21881770;0,31357770
17,67070461;0,21881770;0,31357770
17,69118461;0,21881770;0,31357770
17,71166461;0,21881770;0,26871550
17,73214461;0,17471850;0,26871550
17,75262461;0,17471850;0,26871550
17,77310461;0,17471850;0,22400590
17,79358461;0,13061920;0,22400590
17,81406461;0,17471850;0,22400590
17,83454461;0,17471850;0,22400590
17,85502461;0,13061920;0,17929620
17,87550461;0,13061920;0,17929620
17,89598461;0,08651997;0,17929620
17,91646461;0,13061920;0,13443400
17,93694461;0,08651997;0,17929620
17,95742461;0,08651997;0,13443400
17,97790461;0,04242073;0,13443400
17,99838461;0,04242073;0,13443400
18,01886461;0,08651997;0,08957183
18,03934461;0,04242073;0,08957183
18,05982461;0,04242073;0,08957183
18,08030461;0,04242073;0,04470962
18,10078461;0,04242073;0,04470962
18,12126461;0,04242073;0,04470962
18,14174461;0,04242073;0,04470962
18,16222461;0,04242073;0,04470962
18,18270461;-0,00167852;-0,00015259
18,20318461;-0,00167852;-0,00015259
18,22366461;-0,00167852;-0,00015259
18,24414461;0,04242073;-0,00015259
18,26462461;0,04242073;0,04470962
18,28510461;0,04242073;0,04470962
18,30558461;0,04242073;0,04470962
18,32606461;0,04242073;0,08957183
18,34654461;0,04242073;0,08957183
18,36702461;0,04242073;0,08957183
18,38750461;0,04242073;0,08957183
18,40798461;0,08651997;0,08957183
18,42846461;0,08651997;0,13443400
18,44894461;0,08651997;0,13443400
18,46942461;0,08651997;0,17929620
18,48990461;0,13061920;0,17929620
18,51038461;0,13061920;0,17929620
18,53086461;0,13061920;0,17929620
18,55134460;0,13061920;0,17929620
18,57182460;0,13061920;0,22400590
18,59230460;0,13061920;0,22400590
18,61278460;0,17471850;0,22400590
18,63326460;0,17471850;0,26871550
18,65374460;0,17471850;0,22400590
18,67422460;0,21881770;0,26871550
18,69470460;0,21881770;0,26871550
18,71518460;0,21881770;0,26871550
18,73566460;0,21881770;0,31357770
18,75614460;0,21881770;0,31357770
18,77662460;0,21881770;0,35843990
18,79710460;0,21881770;0,35843990
18,81758460;0,21881770;0,35843990
18,83806460;0,21881770;0,40330210
18,85854460;0,26291700;0,35843990
18,87902460;0,26291700;0,40330210
18,89950460;0,26291700;0,40330210
18,91998460;0,26291700;0,40330210
18,94046460;0,30701620;0,44816430
18,96094460;0,30701620;0,44816430
18,98142460;0,30701620;0,44816430
19,00190460;0,30701620;0,44816430
19,02238460;0,30701620;0,44816430
19,04286460;0,35111550;0,49287390
19,06334460;0,35111550;0,53773610
19,08382460;0,35111550;0,49287390
19,10430460;0,35111550;0,53773610
19,12478460;0,35111550;0,53773610
19,14526460;0,39521470;0,53773610
19,16574460;0,39521470;0,58259830
19,18622460;0,39521470;0,58259830
19,20670460;0,39521470;0,58259830
19,22718460;0,39521470;0,62746050
19,24766460;0,39521470;0,62746050
19,26814460;0,39521470;0,62746050
19,28862460;0,43931390;0,62746050
19,30910460;0,43931390;0,67232280
19,32958460;0,43931390;0,67232280
19,35006460;0,43931390;0,67232280
19,37054460;0,43931390;0,71703240
19,39102460;0,43931390;0,71703240
19,41150460;0,48341320;0,71703240
19,43198460;0,48341320;0,76189460
19,45246460;0,48341320;0,76189460
19,47294460;0,48341320;0,76189460
19,49342460;0,52751240;0,76189460
19,51390460;0,52751240;0,76189460
19,53438460;0,52751240;0,80675680
19,55486460;0,52751240;0,80675680
19,57534460;0,52751240;0,80675680
19,59582460;0,57161170;0,80675680
19,61630460;0,52751240;0,80675680
19,63678460;0,57161170;0,85161900
19,65726460;0,57161170;0,85161900
19,67774460;0,57161170;0,89648120
19,69822460;0,57161170;0,89648120
19,71870460;0,61571090;0,89648120
19,73918460;0,61571090;0,89648120
19,75966460;0,61571090;0,94134340
19,78014460;0,61571090;0,94134340
19,80062460;0,65981020;0,94134340
19,82110460;0,65981020;0,94134340
19,84158460;0,65981020;0,98605300
19,86206460;0,65981020;0,98605300
19,88254460;0,70390940;0,98605300
19,90302460;0,70390940;0,98605300
19,92350460;0,65981020;1,03091500
19,94398460;0,70390940;1,03091500
19,96446460;0,70390940;1,07577700
19,98494460;0,70390940;1,07577700
20,00542460;0,70390940;1,07577700
20,02590460;0,74816130;1,07577700
20,04638460;0,74816130;1,12064000
20,06686460;0,74816130;1,12064000
20,08734460;0,74816130;1,12064000
20,10782460;0,74816130;1,12064000
20,12830460;0,74816130;1,12064000
20,14878460;0,74816130;1,16550200
20,16926460;0,79226050;1,16550200
20,18974459;0,79226050;1,16550200
20,21022459;0,79226050;1,16550200
20,23070459;0,79226050;1,21021200
20,25118459;0,79226050;1,21021200
20,27166459;0,83635970;1,25507400
20,29214459;0,79226050;1,25507400
20,31262459;0,83635970;1,25507400
20,33310459;0,83635970;1,25507400
20,35358459;0,88045900;1,29993600
20,37406459;0,88045900;1,29993600
20,39454459;0,88045900;1,29993600
20,41502459;0,88045900;1,29993600
20,43550459;0,88045900;1,29993600
20,45598459;0,92455820;1,29993600
20,47646459;0,92455820;1,34479800
20,49694459;0,92455820;1,34479800
20,51742459;0,92455820;1,38966000
20,53790459;0,92455820;1,38966000
20,55838459;0,92455820;1,38966000
20,57886459;0,92455820;1,38966000
20,59934459;0,92455820;1,43437000
20,61982459;0,96865750;1,47923200
20,64030459;0,96865750;1,47923200
20,66078459;0,96865750;1,47923200
20,68126459;1,01275700;1,47923200
20,70174459;1,01275700;1,47923200
20,72222459;1,01275700;1,47923200
20,74270459;1,01275700;1,52409400
20,76318459;1,01275700;1,52409400
20,78366459;1,01275700;1,52409400
20,80414459;1,05685600;1,52409400
20,82462459;1,05685600;1,56895700
20,84510459;1,05685600;1,56895700
20,86558459;1,05685600;1,56895700
20,88606459;1,10095500;1,61381900
20,90654459;1,10095500;1,61381900
20,92702459;1,10095500;1,61381900
20,94750459;1,10095500;1,65868100
20,96798459;1,10095500;1,65868100
20,98846459;1,10095500;1,65868100
21,00894459;1,10095500;1,65868100
21,02942459;1,14505400;1,65868100
21,04990459;1,14505400;1,70339100
21,07038459;1,18915400;1,70339100
21,09086459;1,18915400;1,74825300
21,11134459;1,18915400;1,74825300
21,13182459;1,18915400;1,70339100
21,15230459;1,18915400;1,74825300
21,17278459;1,18915400;1,74825300
21,19326459;1,18915400;1,79311500
21,21374459;1,23325300;1,79311500
21,23422459;1,23325300;1,83797700
21,25470459;1,23325300;1,79311500
21,27518459;1,23325300;1,83797700
21,29566459;1,23325300;1,83797700
21,31614459;1,23325300;1,83797700
21,33662459;1,27735200;1,83797700
21,35710459;1,27735200;1,88283900
21,37758459;1,27735200;1,88283900
21,39806459;1,27735200;1,88283900
21,41854459;1,27735200;1,88283900
21,43902459;1,27735200;1,92754900
21,45950459;1,27735200;1,92754900
21,47998459;1,27735200;1,92754900
21,50046459;1,32145100;1,92754900
21,52094459;1,32145100;1,97241100
21,54142459;1,36555100;2,01727300
21,56190459;1,32145100;2,01727300
21,58238459;1,36555100;2,01727300
21,60286459;1,36555100;2,01727300
21,62334459;1,36555100;2,06213600
21,64382459;1,36555100;2,06213600
21,66430459;1,36555100;2,06213600
21,68478459;1,40965000;2,06213600
21,70526459;1,40965000;2,10699800
21,72574459;1,40965000;2,06213600
21,74622459;1,40965000;2,10699800
21,76670459;1,40965000;2,15170700
21,78718459;1,45390200;2,15170700
21,80766459;1,45390200;2,15170700
21,82814459;1,45390200;2,15170700
21,84862458;1,45390200;2,15170700
21,86910458;1,45390200;2,19657000
21,88958458;1,45390200;2,19657000
21,91006458;1,45390200;2,19657000
21,93054458;1,45390200;2,19657000
21,95102458;1,49800100;2,24143200
21,97150458;1,49800100;2,24143200
21,99198458;1,49800100;2,24143200
22,01246458;1,49800100;2,24143200
22,03294458;1,54210000;2,24143200
22,05342458;1,54210000;2,28629400
22,07390458;1,54210000;2,28629400
22,09438458;1,54210000;2,33115600
22,11486458;1,54210000;2,33115600
22,13534458;1,58620000;2,33115600
22,15582458;1,58620000;2,37601900
22,17630458;1,58620000;2,37601900
22,19678458;1,58620000;2,37601900
22,21726458;1,58620000;2,37601900
22,23774458;1,63029900;2,42072800
22,25822458;1,63029900;2,42072800
22,27870458;1,63029900;2,42072800
22,29918458;1,63029900;2,42072800
22,31966458;1,63029900;2,42072800
22,34014458;1,63029900;2,46559000
22,36062458;1,63029900;2,46559000
22,38110458;1,63029900;2,51045300
22,40158458;1,63029900;2,51045300
22,42206458;1,67439800;2,51045300
22,44254458;1,67439800;2,55531500
22,46302458;1,67439800;2,55531500
22,48350458;1,71849700;2,55531500
22,50398458;1,71849700;2,60017700
22,52446458;1,71849700;2,60017700
22,54494458;1,71849700;2,60017700
22,56542458;1,71849700;2,60017700
22,58590458;1,76259600;2,60017700
22,60638458;1,76259600;2,60017700
22,62686458;1,76259600;2,64488700
22,64734458;1,76259600;2,64488700
22,66782458;1,76259600;2,68974900
22,68830458;1,76259600;2,64488700
22,70878458;1,80669600;2,68974900
22,72926458;1,80669600;2,68974900
22,74974458;1,80669600;2,73461100
22,77022458;1,80669600;2,73461100
22,79070458;1,80669600;2,73461100
22,81118458;1,80669600;2,73461100
22,83166458;1,80669600;2,73461100
22,85214458;1,85079500;2,77947300
22,87262458;1,85079500;2,77947300
22,89310458;1,85079500;2,77947300
22,91358458;1,89489400;2,82433600
22,93406458;1,89489400;2,82433600
22,95454458;1,89489400;2,86904500
22,97502458;1,89489400;2,86904500
22,99550458;1,89489400;2,86904500
23,01598458;1,89489400;2,86904500
23,03646458;1,93899300;2,86904500
23,05694458;1,93899300;2,91390700
23,07742458;1,93899300;2,91390700
23,09790458;1,93899300;2,91390700
23,11838458;1,98309300;2,95877000
23,13886458;1,98309300;2,91390700
23,15934458;1,98309300;2,95877000
23,17982458;1,93899300;2,95877000
23,20030458;1,98309300;2,95877000
23,22078458;1,98309300;2,95877000
23,24126458;1,98309300;2,95877000
23,26174458;1,98309300;2,95877000
23,28222458;1,98309300;2,95877000
23,30270458;1,98309300;2,95877000
23,32318458;1,93899300;2,91390700
23,34366458;1,93899300;2,91390700
23,36414458;1,93899300;2,91390700
23,38462458;1,89489400;2,86904500
23,40510458;1,89489400;2,86904500
23,42558458;1,89489400;2,86904500
23,44606458;1,85079500;2,86904500
23,46654458;1,89489400;2,82433600
23,48702457;1,89489400;2,82433600
23,50750457;1,85079500;2,82433600
23,52798457;1,89489400;2,77947300
23,54846457;1,85079500;2,77947300
23,56894457;1,80669600;2,77947300
23,58942457;1,85079500;2,73461100
23,60990457;1,80669600;2,73461100
23,63038457;1,80669600;2,73461100
23,65086457;1,80669600;2,73461100
23,67134457;1,80669600;2,73461100
23,69182457;1,80669600;2,68974900
23,71230457;1,80669600;2,68974900
23,73278457;1,80669600;2,68974900
23,75326457;1,76259600;2,68974900
23,77374457;1,76259600;2,64488700
23,79422457;1,71849700;2,64488700
23,81470457;1,76259600;2,60017700
23,83518457;1,76259600;2,60017700
23,85566457;1,71849700;2,60017700
23,87614457;1,71849700;2,60017700
23,89662457;1,71849700;2,55531500
23,91710457;1,71849700;2,55531500
23,93758457;1,67439800;2,55531500
23,95806457;1,67439800;2,51045300
23,97854457;1,67439800;2,55531500
23,99902457;1,67439800;2,51045300
24,01950457;1,67439800;2,51045300
24,03998457;1,63029900;2,51045300
24,06046457;1,63029900;2,51045300
24,08094457;1,63029900;2,46559000
24,10142457;1,63029900;2,42072800
24,12190457;1,63029900;2,42072800
24,14238457;1,63029900;2,42072800
24,16286457;1,63029900;2,42072800
24,18334457;1,58620000;2,42072800
24,20382457;1,58620000;2,37601900
24,22430457;1,58620000;2,37601900
24,24478457;1,58620000;2,37601900
24,26526457;1,58620000;2,37601900
24,28574457;1,58620000;2,33115600
24,30622457;1,54210000;2,33115600
24,32670457;1,54210000;2,28629400
24,34718457;1,54210000;2,28629400
24,36766457;1,49800100;2,28629400
24,38814457;1,49800100;2,28629400
24,40862457;1,49800100;2,24143200
24,42910457;1,49800100;2,24143200
24,44958457;1,49800100;2,24143200
24,47006457;1,49800100;2,19657000
24,49054457;1,49800100;2,24143200
24,51102457;1,45390200;2,19657000
24,53150457;1,45390200;2,19657000
24,55198457;1,45390200;2,19657000
24,57246457;1,45390200;2,15170700
24,59294457;1,45390200;2,15170700
24,61342457;1,45390200;2,15170700
24,63390457;1,45390200;2,15170700
24,65438457;1,40965000;2,15170700
24,67486457;1,40965000;2,10699800
24,69534457;1,40965000;2,10699800
24,71582457;1,40965000;2,10699800
24,73630457;1,40965000;2,06213600
24,75678457;1,36555100;2,06213600
24,77726457;1,36555100;2,06213600
24,79774457;1,36555100;2,01727300
24,81822457;1,36555100;2,01727300
24,83870457;1,32145100;1,97241100
24,85918457;1,32145100;1,97241100
24,87966457;1,32145100;1,97241100
24,90014457;1,32145100;1,97241100
24,92062457;1,27735200;1,92754900
24,94110457;1,27735200;1,92754900
24,96158457;1,27735200;1,92754900
24,98206457;1,27735200;1,92754900
25,00254457;1,27735200;1,88283900
25,02302457;1,27735200;1,88283900
