Time;Channel A;Channel B
-25,03547072;1,44154179;4,96704006
-25,01499072;1,44154179;4,96704006
-24,99451072;1,44154179;4,96704006
-24,97403072;1,44154179;4,96704006
-24,95355072;1,44154179;4,96704006
-24,93307072;1,44154179;4,96704006
-24,91259072;1,44154179;
-24,89211072;1,44154179;4,96704006
-24,87163073;1,39774776;4,96704006
-24,85115073;1,39774776;4,96704006
-24,83067073;1,39774776;4,96704006
-24,81019073;1,35410631;4,96704006
-24,78971073;1,35410631;4,96704006
-24,76923073;1,35410631;4,96704006
-24,74875073;1,35410631;4,96704006
-24,72827073;1,35410631;4,96704006
-24,70779073;1,35410631;4,96704006
-24,68731073;1,31031215;4,96704006
-24,66683073;1,31031215;4,96704006
-24,64635073;1,31031215;4,96704006
-24,62587073;1,26651812;4,96704006
-24,60539073;1,26651812;4,96704006
-24,58491073;1,26651812;4,96704006
-24,56443073;1,26651812;4,96704006
-24,54395073;1,26651812;4,96704006
-24,52347073;1,26651812;4,96704006
-24,50299073;1,26651812;4,96704006
-24,48251073;1,22287667;4,96704006
-24,46203073;1,22287667;4,96704006
-24,44155073;1,22287667;
-24,42107073;1,22287667;4,96704006
-24,40059073;1,22287667;4,96704006
-24,38011073;1,22287667;4,96704006
-24,35963073;1,17908263;4,96704006
-24,33915073;1,17908263;4,96704006
-24,31867073;1,17908263;4,96704006
-24,29819073;1,17908263;4,96704006
-24,27771073;1,17908263;4,92309332
-24,25723073;1,13528860;4,96704006
-24,23675073;1,13528860;4,96704006
-24,21627073;1,13528860;4,96704006
-24,19579073;1,13528860;
-24,17531073;1,13528860;4,96704006
-24,15483073;1,09164703;4,96704006
-24,13435073;1,09164703;4,96704006
-24,11387073;1,09164703;4,96704006
-24,09339073;1,09164703;4,96704006
-24,07291073;1,09164703;
-24,05243073;1,09164703;4,96704006
-24,03195073;1,04785299;4,96704006
-24,01147073;1,04785299;4,96704006
-23,99099073;1,04785299;4,96704006
-23,97051073;1,04785299;4,96704006
-23,95003073;1,00405896;4,96704006
-23,92955073;1,00405896;4,96704006
-23,90907073;1,00405896;4,96704006
-23,88859073;1,00405896;4,96704006
-23,86811073;1,00405896;4,96704006
-23,84763073;1,00405896;4,96704006
-23,82715073;1,00405896;4,96704006
-23,80667073;0,96041751;4,96704006
-23,78619073;0,96041751;4,96704006
-23,76571073;1,00405896;4,96704006
-23,74523073;0,96041751;4,96704006
-23,72475073;0,96041751;4,96704006
-23,70427073;0,91662341;4,96704006
-23,68379073;0,91662341;4,96704006
-23,66331073;0,91662341;4,96704006
-23,64283073;0,91662341;4,96704006
-23,62235073;0,91662341;4,96704006
-23,60187073;0,87282938;4,96704006
-23,58139073;0,87282938;4,96704006
-23,56091073;0,87282938;
-23,54043073;0,87282938;4,96704006
-23,51995073;0,87282938;4,96704006
-23,49947073;0,82918793;4,96704006
-23,47899073;0,87282938;4,96704006
-23,45851073;0,82918793;4,96704006
-23,43803073;0,82918793;4,96704006
-23,41755073;0,82918793;4,96704006
-23,39707073;0,82918793;4,96704006
-23,37659073;0,78539383;
-23,35611073;0,78539383;4,96704006
-23,33563073;0,78539383;4,96704006
-23,31515073;0,78539383;4,96704006
-23,29467073;0,78539383;4,96704006
-23,27419073;0,78539383;4,96704006
-23,25371073;0,74159980;4,96704006
-23,23323074;0,74159980;4,96704006
-23,21275074;0,74159980;4,96704006
-23,19227074;0,74159980;4,96704006
-23,17179074;0,74159980;4,96704006
-23,15131074;0,74159980;4,96704006
-23,13083074;0,69780570;4,96704006
-23,11035074;0,69780570;4,96704006
-23,08987074;0,69780570;4,96704006
-23,06939074;0,69780570;4,92309332
-23,04891074;0,65416425;
-23,02843074;0,65416425;4,96704006
-23,00795074;0,65416425;4,96704006
-22,98747074;0,65416425;4,96704006
-22,96699074;0,65416425;4,96704006
-22,94651074;0,65416425;4,96704006
-22,92603074;0,61037016;4,96704006
-22,90555074;0,61037016;
-22,88507074;0,61037016;4,96704006
-22,86459074;0,61037016;4,96704006
-22,84411074;0,61037016;4,96704006
-22,82363074;0,61037016;4,96704006
-22,80315074;0,56657612;4,96704006
-22,78267074;0,56657612;4,96704006
-22,76219074;0,56657612;4,96704006
-22,74171074;0,56657612;4,96704006
-22,72123074;0,56657612;4,96704006
-22,70075074;0,52293468;4,96704006
-22,68027074;0,52293468;4,96704006
-22,65979074;0,52293468;4,96704006
-22,63931074;0,52293468;4,96704006
-22,61883074;0,47914061;4,21979427
-22,59835074;0,47914061;-0,00015259
-22,57787074;0,47914061;-0,00015259
-22,55739074;0,47914061;-0,00015259
-22,53691074;0,47914061;-0,00015259
-22,51643074;0,47914061;-0,00015259
-22,49595074;0,47914061;-0,00015259
-22,47547074;0,47914061;-0,00015259
-22,45499074;0,43534654;-0,00015259
-22,43451074;0,39170507;-0,00015259
-22,41403074;0,39170507;-0,00015259
-22,39355074;0,43534654;-0,00015259
-22,37307074;0,39170507;-0,00015259
-22,35259074;0,39170507;-0,00015259
-22,33211074;0,39170507;-0,00015259
-22,31163074;0,39170507;-0,00015259
-22,29115074;0,34791100;-0,00015259
-22,27067074;0,34791100;-0,00015259
-22,25019074;0,34791100;-0,00015259
-22,22971074;0,34791100;-0,00015259
-22,20923074;0,34791100;-0,00015259
-22,18875074;0,34791100;-0,00015259
-22,16827074;0,30411693;-0,00015259
-22,14779074;0,30411693;-0,00015259
-22,12731074;0,30411693;-0,00015259
-22,10683074;0,30411693;-0,00015259
-22,08635074;0,30411693;-0,00015259
-22,06587074;0,30411693;-0,00015259
-22,04539074;0,26047549;-0,00015259
-22,02491074;0,26047549;-0,00015259
-22,00443074;0,26047549;-0,00015259
-21,98395074;0,26047549;-0,00015259
-21,96347074;0,26047549;-0,00015259
-21,94299074;0,26047549;-0,00015259
-21,92251074;0,21668142;-0,00015259
-21,90203074;0,26047549;-0,00015259
-21,88155074;0,21668142;-0,00015259
-21,86107074;0,21668142;-0,00015259
-21,84059074;0,17288736;-0,00015259
-21,82011074;0,21668142;-0,00015259
-21,79963074;0,17288736;-0,00015259
-21,77915074;0,17288736;-0,00015259
-21,75867074;0,17288736;-0,00015259
-21,73819074;0,12924589;-0,00015259
-21,71771074;0,17288736;-0,00015259
-21,69723074;0,12924589;-0,00015259
-21,67675074;0,12924589;-0,00015259
-21,65627074;0,12924589;-0,00015259
-21,63579074;0,12924589;-0,00015259
-21,61531074;0,12924589;-0,00015259
-21,59483075;0,08560442;-0,00015259
-21,57435075;0,08560442;-0,00015259
-21,55387075;0,08560442;-0,00015259
-21,53339075;0,08560442;-0,00015259
-21,51291075;0,08560442;-0,00015259
-21,49243075;0,04181036;-0,00015259
-21,47195075;0,04181036;-0,00015259
-21,45147075;0,04181036;-0,00015259
-21,43099075;0,04181036;-0,00015259
-21,41051075;-0,00198370;-0,00015259
-21,39003075;-0,00198370;-0,00015259
-21,36955075;-0,00198370;-0,00015259
-21,34907075;-0,00198370;-0,00015259
-21,32859075;-0,00198370;-0,00015259
-21,30811075;-0,00198370;-0,00015259
-21,28763075;-0,00198370;-0,00015259
-21,26715075;0,04181036;-0,00015259
-21,24667075;-0,00198370;-0,00015259
-21,22619075;0,04181036;-0,00015259
-21,20571075;0,04181036;-0,00015259
-21,18523075;0,04181036;-0,00015259
-21,16475075;0,04181036;-0,00015259
-21,14427075;0,04181036;-0,00015259
-21,12379075;0,04181036;-0,00015259
-21,10331075;0,08560442;-0,00015259
-21,08283075;0,08560442;-0,00015259
-21,06235075;0,08560442;-0,00015259
-21,04187075;0,08560442;-0,00015259
-21,02139075;0,08560442;-0,00015259
-21,00091075;0,12924589;-0,00015259
-20,98043075;0,12924589;-0,00015259
-20,95995075;0,12924589;-0,00015259
-20,93947075;0,12924589;-0,00015259
-20,91899075;0,12924589;-0,00015259
-20,89851075;0,17288736;-0,00015259
-20,87803075;0,12924589;-0,00015259
-20,85755075;0,17288736;-0,00015259
-20,83707075;0,17288736;-0,00015259
-20,81659075;0,17288736;-0,00015259
-20,79611075;0,17288736;-0,00015259
-20,77563075;0,17288736;-0,00015259
-20,75515075;0,21668142;-0,00015259
-20,73467075;0,21668142;-0,00015259
-20,71419075;0,21668142;-0,00015259
-20,69371075;0,21668142;-0,00015259
-20,67323075;0,26047549;-0,00015259
-20,65275075;0,26047549;-0,00015259
-20,63227075;0,26047549;-0,00015259
-20,61179075;0,26047549;-0,00015259
-20,59131075;0,26047549;-0,00015259
-20,57083075;0,26047549;-0,00015259
-20,55035075;0,30411693;-0,00015259
-20,52987075;0,30411693;-0,00015259
-20,50939075;0,30411693;-0,00015259
-20,48891075;0,30411693;-0,00015259
-20,46843075;0,30411693;-0,00015259
-20,44795075;0,30411693;-0,00015259
-20,42747075;0,34791100;-0,00015259
-20,40699075;0,34791100;-0,00015259
-20,38651075;0,34791100;-0,00015259
-20,36603075;0,39170507;-0,00015259
-20,34555075;0,39170507;-0,00015259
-20,32507075;0,39170507;-0,00015259
-20,30459075;0,39170507;-0,00015259
-20,28411075;0,39170507;-0,00015259
-20,26363075;0,39170507;-0,00015259
-20,24315075;0,43534654;-0,00015259
-20,22267075;0,43534654;-0,00015259
-20,20219075;0,43534654;-0,00015259
-20,18171075;0,43534654;-0,00015259
-20,16123075;0,43534654;-0,00015259
-20,14075075;0,47914061;-0,00015259
-20,12027075;0,47914061;-0,00015259
-20,09979075;0,47914061;-0,00015259
-20,07931075;0,47914061;-0,00015259
-20,05883075;0,47914061;-0,00015259
-20,03835075;0,47914061;-0,00015259
-20,01787075;0,47914061;-0,00015259
-19,99739075;0,52293468;-0,00015259
-19,97691075;0,52293468;3,03292942
-19,95643075;0,52293468;4,92309332
-19,93595076;0,56657612;4,96704006
-19,91547076;0,52293468;4,92309332
-19,89499076;0,56657612;4,96704006
-19,87451076;0,56657612;4,96704006
-19,85403076;0,56657612;4,96704006
-19,83355076;0,56657612;4,96704006
-19,81307076;0,56657612;4,96704006
-19,79259076;0,61037016;4,96704006
-19,77211076;0,61037016;4,92309332
-19,75163076;0,61037016;4,96704006
-19,73115076;0,61037016;4,96704006
-19,71067076;0,65416425;4,96704006
-19,69019076;0,65416425;4,96704006
-19,66971076;0,65416425;4,96704006
-19,64923076;0,65416425;4,96704006
-19,62875076;0,65416425;4,96704006
-19,60827076;0,65416425;4,96704006
-19,58779076;0,69780570;4,96704006
-19,56731076;0,69780570;4,96704006
-19,54683076;0,69780570;4,96704006
-19,52635076;0,69780570;4,96704006
-19,50587076;0,69780570;4,96704006
-19,48539076;0,74159980;4,96704006
-19,46491076;0,74159980;4,92309332
-19,44443076;0,74159980;4,96704006
-19,42395076;0,74159980;4,96704006
-19,40347076;0,74159980;4,92309332
-19,38299076;0,74159980;4,96704006
-19,36251076;0,74159980;4,96704006
-19,34203076;0,78539383;4,96704006
-19,32155076;0,78539383;4,96704006
-19,30107076;0,78539383;4,96704006
-19,28059076;0,78539383;4,96704006
-19,26011076;0,78539383;4,96704006
-19,23963076;0,82918793;4,96704006
-19,21915076;0,82918793;4,96704006
-19,19867076;0,82918793;4,96704006
-19,17819076;0,82918793;4,96704006
-19,15771076;0,82918793;4,96704006
-19,13723076;0,82918793;4,96704006
-19,11675076;0,82918793;4,96704006
-19,09627076;0,87282938;4,96704006
-19,07579076;0,87282938;4,96704006
-19,05531076;0,87282938;4,96704006
-19,03483076;0,91662341;4,96704006
-19,01435076;0,91662341;4,96704006
-18,99387076;0,91662341;4,96704006
-18,97339076;0,91662341;4,96704006
-18,95291076;0,91662341;4,96704006
-18,93243076;0,96041751;4,96704006
-18,91195076;0,96041751;4,96704006
-18,89147076;0,96041751;4,96704006
-18,87099076;0,96041751;4,96704006
-18,85051076;0,96041751;4,96704006
-18,83003076;0,96041751;4,96704006
-18,80955076;0,96041751;4,96704006
-18,78907076;1,00405896;4,96704006
-18,76859076;1,00405896;4,96704006
-18,74811076;1,00405896;4,96704006
-18,72763076;1,00405896;4,96704006
-18,70715076;1,00405896;4,96704006
-18,68667076;1,00405896;4,96704006
-18,66619076;1,00405896;4,96704006
-18,64571076;1,04785299;4,96704006
-18,62523076;1,04785299;4,96704006
-18,60475076;1,04785299;4,96704006
-18,58427076;1,04785299;4,96704006
-18,56379076;1,09164703;
-18,54331076;1,09164703;4,96704006
-18,52283076;1,09164703;4,96704006
-18,50235076;1,09164703;4,96704006
-18,48187076;1,13528860;4,96704006
-18,46139076;1,13528860;4,96704006
-18,44091076;1,13528860;
-18,42043076;1,13528860;
-18,39995076;1,13528860;4,96704006
-18,37947076;1,13528860;4,96704006
-18,35899076;1,17908263;4,96704006
-18,33851076;1,17908263;4,96704006
-18,31803076;1,17908263;4,96704006
-18,29755077;1,17908263;4,96704006
-18,27707077;1,17908263;4,96704006
-18,25659077;1,17908263;4,96704006
-18,23611077;1,17908263;4,96704006
-18,21563077;1,22287667;4,96704006
-18,19515077;1,22287667;4,96704006
-18,17467077;1,22287667;4,96704006
-18,15419077;1,22287667;4,96704006
-18,13371077;1,26651812;4,96704006
-18,11323077;1,26651812;4,96704006
-18,09275077;1,26651812;4,96704006
-18,07227077;1,26651812;4,96704006
-18,05179077;1,26651812;4,96704006
-18,03131077;1,26651812;4,96704006
-18,01083077;1,31031215;4,96704006
-17,99035077;1,31031215;4,96704006
-17,96987077;1,31031215;4,96704006
-17,94939077;1,31031215;4,96704006
-17,92891077;1,31031215;4,96704006
-17,90843077;1,35410631;4,96704006
-17,88795077;1,35410631;4,96704006
-17,86747077;1,35410631;4,96704006
-17,84699077;1,35410631;4,96704006
-17,82651077;1,35410631;4,96704006
-17,80603077;1,35410631;4,96704006
-17,78555077;1,39774776;4,96704006
-17,76507077;1,35410631;4,96704006
-17,74459077;1,39774776;4,96704006
-17,72411077;1,39774776;4,96704006
-17,70363077;1,44154179;4,96704006
-17,68315077;1,44154179;4,96704006
-17,66267077;1,44154179;4,96704006
-17,64219077;1,44154179;4,96704006
-17,62171077;1,44154179;4,96704006
-17,60123077;1,48533583;4,96704006
-17,58075077;1,48533583;4,96704006
-17,56027077;1,48533583;4,96704006
-17,53979077;1,48533583;
-17,51931077;1,48533583;4,96704006
-17,49883077;1,52912986;4,96704006
-17,47835077;1,52912986;4,96704006
-17,45787077;1,52912986;4,96704006
-17,43739077;1,52912986;4,96704006
-17,41691077;1,52912986;4,96704006
-17,39643077;1,52912986;4,96704006
-17,37595077;1,52912986;4,92309332
-17,35547077;1,57277143;4,96704006
-17,33499077;1,52912986;4,96704006
-17,31451077;1,57277143;4,96704006
-17,29403077;1,57277143;4,96704006
-17,27355077;1,57277143;4,96704006
-17,25307077;1,61656547;
-17,23259077;1,61656547;4,92309332
-17,21211077;1,61656547;4,96704006
-17,19163077;1,61656547;4,96704006
-17,17115077;1,61656547;4,96704006
-17,15067077;1,66035950;4,96704006
-17,13019077;1,66035950;4,96704006
-17,10971077;1,66035950;4,96704006
-17,08923077;1,66035950;4,96704006
-17,06875077;1,66035950;4,96704006
-17,04827077;1,70400095;4,96704006
-17,02779077;1,70400095;4,96704006
-17,00731077;1,70400095;4,96704006
-16,98683077;1,70400095;4,96704006
-16,96635077;1,70400095;4,96704006
-16,94587077;1,74779499;4,96704006
-16,92539077;1,70400095;4,96704006
-16,90491077;1,70400095;4,96704006
-16,88443077;1,74779499;4,96704006
-16,86395077;1,74779499;4,92309332
-16,84347077;1,74779499;4,92309332
-16,82299077;1,79158914;4,96704006
-16,80251077;1,79158914;4,96704006
-16,78203077;1,79158914;4,96704006
-16,76155077;1,79158914;4,96704006
-16,74107077;1,79158914;4,96704006
-16,72059077;1,83523059;4,96704006
-16,70011077;1,83523059;4,96704006
-16,67963077;1,83523059;4,96704006
-16,65915078;1,83523059;4,96704006
-16,63867078;1,83523059;4,96704006
-16,61819078;1,87902462;4,92309332
-16,59771078;1,83523059;4,96704006
-16,57723078;1,87902462;4,96704006
-16,55675078;1,87902462;4,96704006
-16,53627078;1,87902462;4,96704006
-16,51579078;1,87902462;4,96704006
-16,49531078;1,92281866;4,96704006
-16,47483078;1,92281866;4,96704006
-16,45435078;1,92281866;4,96704006
-16,43387078;1,92281866;4,96704006
-16,41339078;1,92281866;4,96704006
-16,39291078;1,96646011;4,96704006
-16,37243078;1,96646011;
-16,35195078;1,96646011;4,96704006
-16,33147078;1,96646011;4,96704006
-16,31099078;1,96646011;
-16,29051078;1,96646011;4,96704006
-16,27003078;1,96646011;4,96704006
-16,24955078;1,96646011;4,96704006
-16,22907078;1,96646011;4,96704006
-16,20859078;1,92281866;4,96704006
-16,18811078;1,92281866;4,96704006
-16,16763078;1,92281866;4,96704006
-16,14715078;1,92281866;4,96704006
-16,12667078;1,87902462;4,96704006
-16,10619078;1,87902462;4,96704006
-16,08571078;1,87902462;4,96704006
-16,06523078;1,87902462;4,96704006
-16,04475078;1,87902462;4,96704006
-16,02427078;1,87902462;4,96704006
-16,00379078;1,83523059;4,96704006
-15,98331078;1,87902462;
-15,96283078;1,83523059;4,96704006
-15,94235078;1,83523059;4,96704006
-15,92187078;1,83523059;4,96704006
-15,90139078;1,83523059;4,96704006
-15,88091078;1,79158914;4,96704006
-15,86043078;1,79158914;4,96704006
-15,83995078;1,79158914;4,96704006
-15,81947078;1,79158914;4,92309332
-15,79899078;1,74779499;4,96704006
-15,77851078;1,74779499;4,96704006
-15,75803078;1,74779499;4,96704006
-15,73755078;1,74779499;4,96704006
-15,71707078;1,70400095;4,96704006
-15,69659078;1,70400095;4,96704006
-15,67611078;1,70400095;4,96704006
-15,65563078;1,70400095;4,96704006
-15,63515078;1,70400095;4,96704006
-15,61467078;1,70400095;4,96704006
-15,59419078;1,70400095;4,96704006
-15,57371078;1,66035950;4,96704006
-15,55323078;1,66035950;4,96704006
-15,53275078;1,66035950;4,96704006
-15,51227078;1,66035950;4,96704006
-15,49179078;1,66035950;4,96704006
-15,47131078;1,61656547;4,96704006
-15,45083078;1,61656547;4,96704006
-15,43035078;1,61656547;4,96704006
-15,40987078;1,61656547;4,96704006
-15,38939078;1,61656547;4,96704006
-15,36891078;1,61656547;4,96704006
-15,34843078;1,57277143;4,96704006
-15,32795078;1,57277143;4,96704006
-15,30747078;1,57277143;
-15,28699078;1,57277143;4,96704006
-15,26651078;1,52912986;
-15,24603078;1,57277143;4,96704006
-15,22555078;1,52912986;4,96704006
-15,20507078;1,52912986;4,96704006
-15,18459078;1,52912986;4,96704006
-15,16411078;1,52912986;4,92309332
-15,14363078;1,52912986;4,96704006
-15,12315078;1,48533583;4,96704006
-15,10267078;1,48533583;4,96704006
-15,08219078;1,48533583;4,96704006
-15,06171078;1,48533583;4,96704006
-15,04123078;1,48533583;4,96704006
-15,02075078;1,48533583;4,96704006
-15,00027079;1,44154179;4,96704006
-14,97979079;1,48533583;4,92309332
-14,95931079;1,44154179;4,96704006
-14,93883079;1,44154179;4,96704006
-14,91835079;1,44154179;4,96704006
-14,89787079;1,39774776;4,96704006
-14,87739079;1,39774776;4,96704006
-14,85691079;1,35410631;4,96704006
-14,83643079;1,35410631;4,96704006
-14,81595079;1,35410631;4,96704006
-14,79547079;1,35410631;4,96704006
-14,77499079;1,35410631;4,96704006
-14,75451079;1,35410631;4,96704006
-14,73403079;1,35410631;4,96704006
-14,71355079;1,35410631;4,96704006
-14,69307079;1,35410631;4,96704006
-14,67259079;1,31031215;4,96704006
-14,65211079;1,31031215;4,96704006
-14,63163079;1,31031215;4,96704006
-14,61115079;1,26651812;4,92309332
-14,59067079;1,31031215;4,96704006
-14,57019079;1,26651812;4,92309332
-14,54971079;1,26651812;4,96704006
-14,52923079;1,26651812;4,96704006
-14,50875079;1,26651812;4,96704006
-14,48827079;1,26651812;4,96704006
-14,46779079;1,22287667;4,96704006
-14,44731079;1,22287667;4,96704006
-14,42683079;1,17908263;4,96704006
-14,40635079;1,17908263;4,96704006
-14,38587079;1,17908263;4,96704006
-14,36539079;1,17908263;4,96704006
-14,34491079;1,17908263;4,92309332
-14,32443079;1,17908263;4,96704006
-14,30395079;1,17908263;4,92309332
-14,28347079;1,17908263;4,96704006
-14,26299079;1,13528860;4,96704006
-14,24251079;1,17908263;4,96704006
-14,22203079;1,13528860;4,92309332
-14,20155079;1,13528860;4,96704006
-14,18107079;1,13528860;4,96704006
-14,16059079;1,13528860;4,96704006
-14,14011079;1,09164703;4,96704006
-14,11963079;1,09164703;4,96704006
-14,09915079;1,09164703;4,96704006
-14,07867079;1,09164703;4,96704006
-14,05819079;1,09164703;4,96704006
-14,03771079;1,04785299;4,96704006
-14,01723079;1,04785299;4,96704006
-13,99675079;1,04785299;4,96704006
-13,97627079;1,04785299;4,96704006
-13,95579079;1,04785299;4,96704006
-13,93531079;1,00405896;4,96704006
-13,91483079;1,00405896;4,96704006
-13,89435079;1,00405896;4,96704006
-13,87387079;1,00405896;4,96704006
-13,85339079;1,00405896;4,96704006
-13,83291079;0,96041751;4,96704006
-13,81243079;0,96041751;4,96704006
-13,79195079;1,00405896;4,96704006
-13,77147079;0,96041751;4,96704006
-13,75099079;0,96041751;4,96704006
-13,73051079;0,96041751;4,96704006
-13,71003079;0,96041751;4,96704006
-13,68955079;0,96041751;4,96704006
-13,66907079;0,91662341;4,96704006
-13,64859079;0,91662341;4,96704006
-13,62811079;0,91662341;4,96704006
-13,60763079;0,91662341;4,92309332
-13,58715079;0,87282938;4,96704006
-13,56667079;0,87282938;4,96704006
-13,54619079;0,87282938;4,96704006
-13,52571079;0,87282938;4,96704006
-13,50523079;0,87282938;4,96704006
-13,48475079;0,87282938;4,96704006
-13,46427079;0,82918793;4,96704006
-13,44379079;0,82918793;4,96704006
-13,42331079;0,82918793;4,96704006
-13,40283079;0,82918793;4,96704006
-13,38235079;0,82918793;4,96704006
-13,36187080;0,78539383;4,96704006
-13,34139080;0,78539383;4,96704006
-13,32091080;0,78539383;4,96704006
-13,30043080;0,78539383;4,96704006
-13,27995080;0,78539383;4,96704006
-13,25947080;0,74159980;4,96704006
-13,23899080;0,78539383;4,96704006
-13,21851080;0,74159980;4,96704006
-13,19803080;0,74159980;4,96704006
-13,17755080;0,74159980;
-13,15707080;0,74159980;4,96704006
-13,13659080;0,74159980;4,96704006
-13,11611080;0,74159980;4,96704006
-13,09563080;0,69780570;4,96704006
-13,07515080;0,69780570;4,96704006
-13,05467080;0,65416425;4,96704006
-13,03419080;0,65416425;4,96704006
-13,01371080;0,65416425;4,92309332
-12,99323080;0,65416425;4,96704006
-12,97275080;0,65416425;4,96704006
-12,95227080;0,65416425;4,96704006
-12,93179080;0,61037016;4,96704006
-12,91131080;0,61037016;4,96704006
-12,89083080;0,61037016;4,96704006
-12,87035080;0,61037016;4,96704006
-12,84987080;0,61037016;
-12,82939080;0,61037016;
-12,80891080;0,56657612;4,96704006
-12,78843080;0,56657612;
-12,76795080;0,56657612;4,92309332
-12,74747080;0,56657612;4,96704006
-12,72699080;0,56657612;4,96704006
-12,70651080;0,56657612;4,96704006
-12,68603080;0,52293468;4,96704006
-12,66555080;0,52293468;4,96704006
-12,64507080;0,52293468;4,92309332
-12,62459080;0,52293468;4,92309332
-12,60411080;0,47914061;1,05471969
-12,58363080;0,47914061;-0,00015259
-12,56315080;0,47914061;-0,00015259
-12,54267080;0,47914061;-0,00015259
-12,52219080;0,47914061;-0,00015259
-12,50171080;0,47914061;-0,00015259
-12,48123080;0,43534654;-0,00015259
-12,46075080;0,43534654;-0,00015259
-12,44027080;0,43534654;-0,00015259
-12,41979080;0,43534654;-0,00015259
-12,39931080;0,43534654;-0,00015259
-12,37883080;0,39170507;-0,00015259
-12,35835080;0,39170507;-0,00015259
-12,33787080;0,39170507;-0,00015259
-12,31739080;0,39170507;-0,00015259
-12,29691080;0,39170507;-0,00015259
-12,27643080;0,39170507;-0,00015259
-12,25595080;0,39170507;-0,00015259
-12,23547080;0,34791100;-0,00015259
-12,21499080;0,34791100;-0,00015259
-12,19451080;0,30411693;-0,00015259
-12,17403080;0,30411693;-0,00015259
-12,15355080;0,30411693;-0,00015259
-12,13307080;0,30411693;-0,00015259
-12,11259080;0,30411693;-0,00015259
-12,09211080;0,30411693;-0,00015259
-12,07163080;0,26047549;-0,00015259
-12,05115080;0,30411693;-0,00015259
-12,03067080;0,26047549;-0,00015259
-12,01019080;0,26047549;-0,00015259
-11,98971080;0,26047549;-0,00015259
-11,96923080;0,26047549;-0,00015259
-11,94875080;0,26047549;-0,00015259
-11,92827080;0,21668142;-0,00015259
-11,90779080;0,21668142;-0,00015259
-11,88731080;0,21668142;-0,00015259
-11,86683080;0,21668142;-0,00015259
-11,84635080;0,21668142;-0,00015259
-11,82587080;0,21668142;-0,00015259
-11,80539080;0,21668142;-0,00015259
-11,78491080;0,17288736;-0,00015259
-11,76443080;0,17288736;-0,00015259
-11,74395080;0,17288736;-0,00015259
-11,72347081;0,17288736;-0,00015259
-11,70299081;0,12924589;-0,00015259
-11,68251081;0,12924589;-0,00015259
-11,66203081;0,12924589;-0,00015259
-11,64155081;0,12924589;-0,00015259
-11,62107081;0,12924589;-0,00015259
-11,60059081;0,08560442;-0,00015259
-11,58011081;0,08560442;-0,00015259
-11,55963081;0,08560442;-0,00015259
-11,53915081;0,08560442;-0,00015259
-11,51867081;0,08560442;-0,00015259
-11,49819081;0,04181036;-0,00015259
-11,47771081;0,04181036;-0,00015259
-11,45723081;0,04181036;-0,00015259
-11,43675081;0,04181036;-0,00015259
-11,41627081;-0,00198370;-0,00015259
-11,39579081;0,04181036;-0,00015259
-11,37531081;0,04181036;-0,00015259
-11,35483081;-0,00198370;-0,00015259
-11,33435081;-0,00198370;-0,00015259
-11,31387081;-0,00198370;-0,00015259
-11,29339081;-0,00198370;-0,00015259
-11,27291081;-0,00198370;-0,00015259
-11,25243081;-0,00198370;-0,00015259
-11,23195081;0,04181036;-0,00015259
-11,21147081;0,04181036;-0,00015259
-11,19099081;0,04181036;-0,00015259
-11,17051081;0,04181036;-0,00015259
-11,15003081;0,04181036;-0,00015259
-11,12955081;0,04181036;-0,00015259
-11,10907081;0,08560442;-0,00015259
-11,08859081;0,08560442;-0,00015259
-11,06811081;0,08560442;-0,00015259
-11,04763081;0,08560442;-0,00015259
-11,02715081;0,08560442;-0,00015259
-11,00667081;0,12924589;-0,00015259
-10,98619081;0,12924589;-0,00015259
-10,96571081;0,12924589;-0,00015259
-10,94523081;0,12924589;-0,00015259
-10,92475081;0,12924589;-0,00015259
-10,90427081;0,17288736;-0,00015259
-10,88379081;0,17288736;-0,00015259
-10,86331081;0,12924589;-0,00015259
-10,84283081;0,17288736;-0,00015259
-10,82235081;0,17288736;-0,00015259
-10,80187081;0,21668142;-0,00015259
-10,78139081;0,21668142;-0,00015259
-10,76091081;0,21668142;-0,00015259
-10,74043081;0,21668142;-0,00015259
-10,71995081;0,21668142;-0,00015259
-10,69947081;0,21668142;-0,00015259
-10,67899081;0,26047549;-0,00015259
-10,65851081;0,26047549;-0,00015259
-10,63803081;0,26047549;-0,00015259
-10,61755081;0,26047549;-0,00015259
-10,59707081;0,26047549;-0,00015259
-10,57659081;0,26047549;-0,00015259
-10,55611081;0,30411693;-0,00015259
-10,53563081;0,30411693;-0,00015259
-10,51515081;0,30411693;-0,00015259
-10,49467081;0,30411693;-0,00015259
-10,47419081;0,30411693;-0,00015259
-10,45371081;0,34791100;-0,00015259
-10,43323081;0,34791100;-0,00015259
-10,41275081;0,34791100;-0,00015259
-10,39227081;0,34791100;-0,00015259
-10,37179081;0,34791100;-0,00015259
-10,35131081;0,34791100;-0,00015259
-10,33083081;0,39170507;-0,00015259
-10,31035081;0,39170507;-0,00015259
-10,28987081;0,39170507;-0,00015259
-10,26939081;0,39170507;-0,00015259
-10,24891081;0,43534654;-0,00015259
-10,22843081;0,43534654;-0,00015259
-10,20795081;0,43534654;-0,00015259
-10,18747081;0,43534654;-0,00015259
-10,16699081;0,43534654;-0,00015259
-10,14651081;0,43534654;-0,00015259
-10,12603081;0,47914061;-0,00015259
-10,10555081;0,47914061;-0,00015259
-10,08507081;0,47914061;-0,00015259
-10,06459082;0,47914061;-0,00015259
-10,04411082;0,47914061;-0,00015259
-10,02363082;0,47914061;-0,00015259
-10,00315082;0,47914061;-0,00015259
-9,98267082;0,52293468;1,58223212
-9,96219082;0,52293468;4,92309332
-9,94171082;0,52293468;4,96704006
-9,92123082;0,52293468;4,92309332
-9,90075082;0,56657612;4,92309332
-9,88027082;0,56657612;4,96704006
-9,85979082;0,56657612;4,96704006
-9,83931082;0,56657612;4,92309332
-9,81883082;0,56657612;4,96704006
-9,79835082;0,56657612;4,96704006
-9,77787082;0,61037016;4,96704006
-9,75739082;0,61037016;4,96704006
-9,73691082;0,61037016;4,96704006
-9,71643082;0,61037016;4,96704006
-9,69595082;0,65416425;4,96704006
-9,67547082;0,65416425;4,96704006
-9,65499082;0,65416425;4,96704006
-9,63451082;0,65416425;4,96704006
-9,61403082;0,65416425;4,96704006
-9,59355082;0,65416425;4,96704006
-9,57307082;0,65416425;4,96704006
-9,55259082;0,65416425;4,96704006
-9,53211082;0,69780570;4,92309332
-9,51163082;0,74159980;4,96704006
-9,49115082;0,69780570;4,96704006
-9,47067082;0,74159980;4,96704006
-9,45019082;0,74159980;4,96704006
-9,42971082;0,74159980;4,92309332
-9,40923082;0,74159980;4,96704006
-9,38875082;0,74159980;4,96704006
-9,36827082;0,78539383;4,96704006
-9,34779082;0,78539383;4,96704006
-9,32731082;0,78539383;4,96704006
-9,30683082;0,78539383;4,96704006
-9,28635082;0,78539383;4,96704006
-9,26587082;0,78539383;4,96704006
-9,24539082;0,78539383;4,92309332
-9,22491082;0,78539383;4,96704006
-9,20443082;0,82918793;4,96704006
-9,18395082;0,82918793;4,96704006
-9,16347082;0,82918793;4,96704006
-9,14299082;0,82918793;4,96704006
-9,12251082;0,87282938;4,96704006
-9,10203082;0,87282938;4,96704006
-9,08155082;0,87282938;4,96704006
-9,06107082;0,87282938;4,96704006
-9,04059082;0,87282938;4,96704006
-9,02011082;0,91662341;4,96704006
-8,99963082;0,91662341;4,96704006
-8,97915082;0,91662341;4,96704006
-8,95867082;0,91662341;4,96704006
-8,93819082;0,91662341;4,96704006
-8,91771082;0,96041751;4,96704006
-8,89723082;0,96041751;4,96704006
-8,87675082;0,96041751;4,92309332
-8,85627082;0,96041751;4,96704006
-8,83579082;1,00405896;4,96704006
-8,81531082;1,00405896;4,96704006
-8,79483082;1,00405896;4,96704006
-8,77435082;1,00405896;4,96704006
-8,75387082;1,00405896;4,96704006
-8,73339082;1,00405896;4,96704006
-8,71291082;1,00405896;4,96704006
-8,69243082;1,00405896;4,96704006
-8,67195082;1,00405896;4,96704006
-8,65147082;1,04785299;4,96704006
-8,63099082;1,04785299;
-8,61051082;1,04785299;4,96704006
-8,59003082;1,04785299;4,96704006
-8,56955082;1,04785299;4,92309332
-8,54907082;1,09164703;4,96704006
-8,52859082;1,09164703;4,96704006
-8,50811082;1,09164703;4,96704006
-8,48763082;1,09164703;4,96704006
-8,46715082;1,13528860;4,96704006
-8,44667082;1,13528860;4,96704006
-8,42619083;1,13528860;4,96704006
-8,40571083;1,13528860;4,96704006
-8,38523083;1,13528860;4,96704006
-8,36475083;1,13528860;4,92309332
-8,34427083;1,17908263;4,96704006
-8,32379083;1,17908263;4,96704006
-8,30331083;1,17908263;4,96704006
-8,28283083;1,17908263;
-8,26235083;1,17908263;4,96704006
-8,24187083;1,17908263;4,96704006
-8,22139083;1,22287667;4,96704006
-8,20091083;1,22287667;4,96704006
-8,18043083;1,17908263;4,96704006
-8,15995083;1,22287667;4,96704006
-8,13947083;1,22287667;4,96704006
-8,11899083;1,26651812;4,96704006
-8,09851083;1,26651812;4,96704006
-8,07803083;1,26651812;4,96704006
-8,05755083;1,26651812;4,96704006
-8,03707083;1,26651812;4,96704006
-8,01659083;1,26651812;4,96704006
-7,99611083;1,31031215;4,96704006
-7,97563083;1,31031215;4,96704006
-7,95515083;1,31031215;4,96704006
-7,93467083;1,31031215;4,96704006
-7,91419083;1,31031215;4,96704006
-7,89371083;1,35410631;4,92309332
-7,87323083;1,35410631;4,96704006
-7,85275083;1,35410631;4,96704006
-7,83227083;1,35410631;4,96704006
-7,81179083;1,39774776;4,96704006
-7,79131083;1,35410631;4,96704006
-7,77083083;1,39774776;4,92309332
-7,75035083;1,39774776;4,96704006
-7,72987083;1,39774776;4,96704006
-7,70939083;1,44154179;4,96704006
-7,68891083;1,44154179;4,96704006
-7,66843083;1,44154179;4,96704006
-7,64795083;1,44154179;4,96704006
-7,62747083;1,44154179;4,96704006
-7,60699083;1,44154179;4,96704006
-7,58651083;1,48533583;4,96704006
-7,56603083;1,48533583;4,96704006
-7,54555083;1,48533583;
-7,52507083;1,48533583;4,96704006
-7,50459083;1,48533583;4,96704006
-7,48411083;1,52912986;4,96704006
-7,46363083;1,52912986;4,96704006
-7,44315083;1,52912986;4,96704006
-7,42267083;1,52912986;4,96704006
-7,40219083;1,52912986;4,96704006
-7,38171083;1,57277143;4,96704006
-7,36123083;1,57277143;4,96704006
-7,34075083;1,57277143;4,96704006
-7,32027083;1,57277143;4,96704006
-7,29979083;1,57277143;4,96704006
-7,27931083;1,57277143;4,96704006
-7,25883083;1,61656547;4,96704006
-7,23835083;1,61656547;4,96704006
-7,21787083;1,61656547;4,96704006
-7,19739083;1,61656547;4,96704006
-7,17691083;1,61656547;4,96704006
-7,15643083;1,61656547;4,96704006
-7,13595083;1,66035950;4,96704006
-7,11547083;1,66035950;4,96704006
-7,09499083;1,66035950;4,96704006
-7,07451083;1,66035950;4,96704006
-7,05403083;1,70400095;4,96704006
-7,03355083;1,70400095;4,92309332
-7,01307083;1,70400095;4,96704006
-6,99259083;1,70400095;4,96704006
-6,97211083;1,70400095;4,92309332
-6,95163083;1,70400095;4,96704006
-6,93115083;1,74779499;4,96704006
-6,91067083;1,74779499;4,96704006
-6,89019083;1,74779499;4,96704006
-6,86971083;1,74779499;4,96704006
-6,84923083;1,79158914;4,96704006
-6,82875083;1,74779499;4,96704006
-6,80827083;1,79158914;4,96704006
-6,78779084;1,79158914;4,92309332
-6,76731084;1,79158914;4,96704006
-6,74683084;1,79158914;4,96704006
-6,72635084;1,83523059;4,96704006
-6,70587084;1,79158914;4,96704006
-6,68539084;1,83523059;4,92309332
-6,66491084;1,83523059;4,96704006
-6,64443084;1,87902462;4,96704006
-6,62395084;1,83523059;4,96704006
-6,60347084;1,87902462;4,96704006
-6,58299084;1,87902462;4,96704006
-6,56251084;1,87902462;4,96704006
-6,54203084;1,87902462;4,96704006
-6,52155084;1,87902462;4,96704006
-6,50107084;1,92281866;4,96704006
-6,48059084;1,87902462;4,96704006
-6,46011084;1,92281866;4,96704006
-6,43963084;1,92281866;4,96704006
-6,41915084;1,92281866;
-6,39867084;1,92281866;4,96704006
-6,37819084;1,92281866;4,96704006
-6,35771084;1,96646011;4,96704006
-6,33723084;1,96646011;4,96704006
-6,31675084;1,96646011;4,96704006
-6,29627084;1,96646011;4,96704006
-6,27579084;1,96646011;4,96704006
-6,25531084;1,96646011;4,96704006
-6,23483084;1,96646011;4,96704006
-6,21435084;1,96646011;4,96704006
-6,19387084;1,96646011;4,96704006
-6,17339084;1,92281866;4,96704006
-6,15291084;1,92281866;4,96704006
-6,13243084;1,87902462;4,96704006
-6,11195084;1,87902462;4,96704006
-6,09147084;1,87902462;4,96704006
-6,07099084;1,87902462;4,96704006
-6,05051084;1,87902462;4,96704006
-6,03003084;1,87902462;4,96704006
-6,00955084;1,87902462;4,96704006
-5,98907084;1,83523059;4,96704006
-5,96859084;1,83523059;4,96704006
-5,94811084;1,83523059;4,96704006
-5,92763084;1,83523059;4,96704006
-5,90715084;1,83523059;4,96704006
-5,88667084;1,79158914;4,96704006
-5,86619084;1,79158914;4,96704006
-5,84571084;1,79158914;4,96704006
-5,82523084;1,79158914;4,96704006
-5,80475084;1,79158914;4,96704006
-5,78427084;1,79158914;4,96704006
-5,76379084;1,79158914;4,96704006
-5,74331084;1,74779499;4,92309332
-5,72283084;1,74779499;4,96704006
-5,70235084;1,70400095;4,96704006
-5,68187084;1,70400095;4,96704006
-5,66139084;1,70400095;4,96704006
-5,64091084;1,70400095;4,96704006
-5,62043084;1,70400095;4,96704006
-5,59995084;1,66035950;4,96704006
-5,57947084;1,70400095;4,96704006
-5,55899084;1,66035950;4,96704006
-5,53851084;1,66035950;4,96704006
-5,51803084;1,66035950;4,96704006
-5,49755084;1,66035950;4,96704006
-5,47707084;1,66035950;4,96704006
-5,45659084;1,66035950;4,96704006
-5,43611084;1,61656547;4,96704006
-5,41563084;1,61656547;4,96704006
-5,39515084;1,61656547;4,96704006
-5,37467084;1,61656547;4,96704006
-5,35419084;1,57277143;
-5,33371084;1,61656547;4,96704006
-5,31323084;1,57277143;4,96704006
-5,29275084;1,57277143;4,92309332
-5,27227084;1,57277143;4,96704006
-5,25179084;1,52912986;4,96704006
-5,23131084;1,52912986;4,96704006
-5,21083084;1,52912986;4,96704006
-5,19035084;1,52912986;4,96704006
-5,16987084;1,48533583;4,96704006
-5,14939084;1,52912986;4,96704006
-5,12891085;1,52912986;
-5,10843085;1,48533583;4,96704006
-5,08795085;1,48533583;4,96704006
-5,06747085;1,48533583;4,96704006
-5,04699085;1,48533583;4,96704006
-5,02651085;1,48533583;4,96704006
-5,00603085;1,44154179;4,96704006
-4,98555085;1,44154179;4,96704006
-4,96507085;1,44154179;4,96704006
-4,94459085;1,44154179;4,96704006
-4,92411085;1,44154179;4,96704006
-4,90363085;1,39774776;4,96704006
-4,88315085;1,39774776;4,96704006
-4,86267085;1,44154179;4,96704006
-4,84219085;1,35410631;4,96704006
-4,82171085;1,39774776;4,96704006
-4,80123085;1,35410631;4,96704006
-4,78075085;1,35410631;4,96704006
-4,76027085;1,35410631;4,96704006
-4,73979085;1,35410631;4,96704006
-4,71931085;1,31031215;4,96704006
-4,69883085;1,35410631;4,96704006
-4,67835085;1,35410631;
-4,65787085;1,31031215;4,96704006
-4,63739085;1,26651812;4,96704006
-4,61691085;1,31031215;4,96704006
-4,59643085;1,26651812;4,96704006
-4,57595085;1,26651812;4,96704006
-4,55547085;1,26651812;4,96704006
-4,53499085;1,26651812;4,96704006
-4,51451085;1,26651812;4,96704006
-4,49403085;1,26651812;4,96704006
-4,47355085;1,22287667;4,96704006
-4,45307085;1,22287667;4,96704006
-4,43259085;1,22287667;4,96704006
-4,41211085;1,22287667;4,96704006
-4,39163085;1,17908263;4,96704006
-4,37115085;1,17908263;4,96704006
-4,35067085;1,17908263;4,96704006
-4,33019085;1,17908263;4,96704006
-4,30971085;1,13528860;4,96704006
-4,28923085;1,17908263;4,96704006
-4,26875085;1,17908263;4,96704006
-4,24827085;1,13528860;4,96704006
-4,22779085;1,13528860;4,96704006
-4,20731085;1,13528860;4,96704006
-4,18683085;1,13528860;4,96704006
-4,16635085;1,13528860;4,96704006
-4,14587085;1,13528860;4,96704006
-4,12539085;1,13528860;4,96704006
-4,10491085;1,09164703;4,96704006
-4,08443085;1,09164703;4,96704006
-4,06395085;1,09164703;4,96704006
-4,04347085;1,09164703;4,96704006
-4,02299085;1,09164703;4,96704006
-4,00251085;1,04785299;4,96704006
-3,98203085;1,04785299;4,96704006
-3,96155085;1,04785299;4,96704006
-3,94107085;1,04785299;4,92309332
-3,92059085;1,00405896;4,96704006
-3,90011085;1,00405896;4,96704006
-3,87963085;1,00405896;4,96704006
-3,85915085;1,00405896;4,96704006
-3,83867085;1,00405896;4,96704006
-3,81819085;1,00405896;4,96704006
-3,79771085;0,96041751;4,96704006
-3,77723085;0,96041751;4,96704006
-3,75675085;0,96041751;4,96704006
-3,73627085;0,96041751;4,96704006
-3,71579085;0,96041751;4,96704006
-3,69531085;0,91662341;4,96704006
-3,67483085;0,91662341;4,96704006
-3,65435085;0,91662341;4,96704006
-3,63387085;0,91662341;4,96704006
-3,61339085;0,91662341;4,96704006
-3,59291085;0,87282938;4,96704006
-3,57243085;0,87282938;4,96704006
-3,55195085;0,87282938;4,96704006
-3,53147085;0,87282938;4,96704006
-3,51099085;0,87282938;4,96704006
-3,49051086;0,87282938;4,96704006
-3,47003086;0,82918793;
-3,44955086;0,82918793;4,96704006
-3,42907086;0,82918793;4,96704006
-3,40859086;0,82918793;4,96704006
-3,38811086;0,78539383;4,96704006
-3,36763086;0,78539383;4,96704006
-3,34715086;0,78539383;4,96704006
-3,32667086;0,78539383;4,96704006
-3,30619086;0,78539383;4,96704006
-3,28571086;0,78539383;4,96704006
-3,26523086;0,74159980;4,96704006
-3,24475086;0,74159980;
-3,22427086;0,74159980;4,96704006
-3,20379086;0,74159980;4,96704006
-3,18331086;0,74159980;4,96704006
-3,16283086;0,74159980;4,96704006
-3,14235086;0,74159980;4,96704006
-3,12187086;0,69780570;4,96704006
-3,10139086;0,74159980;4,96704006
-3,08091086;0,69780570;4,96704006
-3,06043086;0,65416425;4,96704006
-3,03995086;0,65416425;4,96704006
-3,01947086;0,65416425;4,96704006
-2,99899086;0,65416425;4,96704006
-2,97851086;0,65416425;4,96704006
-2,95803086;0,65416425;4,96704006
-2,93755086;0,65416425;4,96704006
-2,91707086;0,61037016;4,96704006
-2,89659086;0,61037016;4,96704006
-2,87611086;0,61037016;4,96704006
-2,85563086;0,61037016;4,96704006
-2,83515086;0,61037016;4,96704006
-2,81467086;0,56657612;4,96704006
-2,79419086;0,56657612;4,96704006
-2,77371086;0,56657612;4,96704006
-2,75323086;0,56657612;4,96704006
-2,73275086;0,56657612;4,96704006
-2,71227086;0,56657612;4,96704006
-2,69179086;0,52293468;4,96704006
-2,67131086;0,52293468;4,96704006
-2,65083086;0,52293468;4,96704006
-2,63035086;0,52293468;4,96704006
-2,60987086;0,52293468;2,98898292
-2,58939086;0,47914061;-0,00015259
-2,56891086;0,47914061;-0,00015259
-2,54843086;0,47914061;-0,00015259
-2,52795086;0,47914061;-0,00015259
-2,50747086;0,47914061;-0,00015259
-2,48699086;0,47914061;-0,00015259
-2,46651086;0,43534654;-0,00015259
-2,44603086;0,43534654;-0,00015259
-2,42555086;0,43534654;-0,00015259
-2,40507086;0,39170507;-0,00015259
-2,38459086;0,43534654;-0,00015259
-2,36411086;0,43534654;-0,00015259
-2,34363086;0,39170507;-0,00015259
-2,32315086;0,39170507;-0,00015259
-2,30267086;0,39170507;-0,00015259
-2,28219086;0,39170507;-0,00015259
-2,26171086;0,34791100;-0,00015259
-2,24123086;0,34791100;-0,00015259
-2,22075086;0,34791100;-0,00015259
-2,20027086;0,34791100;-0,00015259
-2,17979086;0,30411693;-0,00015259
-2,15931086;0,30411693;-0,00015259
-2,13883086;0,30411693;-0,00015259
-2,11835086;0,30411693;-0,00015259
-2,09787086;0,30411693;-0,00015259
-2,07739086;0,30411693;-0,00015259
-2,05691086;0,26047549;-0,00015259
-2,03643086;0,30411693;-0,00015259
-2,01595086;0,26047549;-0,00015259
-1,99547086;0,26047549;-0,00015259
-1,97499086;0,26047549;-0,00015259
-1,95451086;0,26047549;-0,00015259
-1,93403086;0,26047549;-0,00015259
-1,91355086;0,21668142;-0,00015259
-1,89307086;0,21668142;-0,00015259
-1,87259086;0,21668142;-0,00015259
-1,85211087;0,21668142;-0,00015259
-1,83163087;0,17288736;-0,00015259
-1,81115087;0,17288736;-0,00015259
-1,79067087;0,17288736;-0,00015259
-1,77019087;0,17288736;-0,00015259
-1,74971087;0,17288736;-0,00015259
-1,72923087;0,12924589;-0,00015259
-1,70875087;0,12924589;-0,00015259
-1,68827087;0,12924589;-0,00015259
-1,66779087;0,12924589;-0,00015259
-1,64731087;0,12924589;-0,00015259
-1,62683087;0,12924589;-0,00015259
-1,60635087;0,12924589;-0,00015259
-1,58587087;0,08560442;-0,00015259
-1,56539087;0,08560442;-0,00015259
-1,54491087;0,08560442;-0,00015259
-1,52443087;0,08560442;-0,00015259
-1,50395087;0,04181036;-0,00015259
-1,48347087;0,04181036;-0,00015259
-1,46299087;0,04181036;-0,00015259
-1,44251087;0,04181036;-0,00015259
-1,42203087;0,04181036;-0,00015259
-1,40155087;-0,00198370;-0,00015259
-1,38107087;-0,00198370;-0,00015259
-1,36059087;-0,00198370;-0,00015259
-1,34011087;-0,00198370;-0,00015259
-1,31963087;-0,04562517;-0,00015259
-1,29915087;-0,04562517;-0,00015259
-1,27867087;-0,00198370;-0,00015259
-1,25819087;-0,04562517;-0,00015259
-1,23771087;-0,00198370;-0,00015259
-1,21723087;0,04181036;-0,00015259
-1,19675087;0,04181036;-0,00015259
-1,17627087;0,04181036;-0,00015259
-1,15579087;0,04181036;-0,00015259
-1,13531087;0,04181036;-0,00015259
-1,11483087;0,04181036;-0,00015259
-1,09435087;0,08560442;-0,00015259
-1,07387087;0,08560442;-0,00015259
-1,05339087;0,08560442;-0,00015259
-1,03291087;0,08560442;-0,00015259
-1,01243087;0,12924589;-0,00015259
-0,99195087;0,12924589;-0,00015259
-0,97147087;0,12924589;-0,00015259
-0,95099087;0,12924589;-0,00015259
-0,93051087;0,12924589;-0,00015259
-0,91003087;0,12924589;-0,00015259
-0,88955087;0,12924589;-0,00015259
-0,86907087;0,17288736;-0,00015259
-0,84859087;0,17288736;-0,00015259
-0,82811087;0,17288736;-0,00015259
-0,80763087;0,17288736;-0,00015259
-0,78715087;0,21668142;-0,00015259
-0,76667087;0,21668142;-0,00015259
-0,74619087;0,21668142;-0,00015259
-0,72571087;0,21668142;-0,00015259
-0,70523087;0,21668142;-0,00015259
-0,68475087;0,21668142;-0,00015259
-0,66427087;0,26047549;-0,00015259
-0,64379087;0,26047549;-0,00015259
-0,62331087;0,26047549;-0,00015259
-0,60283087;0,26047549;-0,00015259
-0,58235087;0,26047549;-0,00015259
-0,56187087;0,26047549;-0,00015259
-0,54139087;0,30411693;-0,00015259
-0,52091087;0,30411693;-0,00015259
-0,50043087;0,30411693;-0,00015259
-0,47995087;0,34791100;-0,00015259
-0,45947087;0,30411693;-0,00015259
-0,43899087;0,34791100;-0,00015259
-0,41851087;0,34791100;-0,00015259
-0,39803087;0,34791100;-0,00015259
-0,37755087;0,34791100;-0,00015259
-0,35707087;0,34791100;-0,00015259
-0,33659087;0,34791100;-0,00015259
-0,31611087;0,39170507;-0,00015259
-0,29563087;0,39170507;-0,00015259
-0,27515087;0,39170507;-0,00015259
-0,25467087;0,39170507;-0,00015259
-0,23419087;0,39170507;-0,00015259
-0,21371087;0,43534654;-0,00015259
-0,19323088;0,43534654;-0,00015259
-0,17275088;0,43534654;-0,00015259
-0,15227088;0,47914061;-0,00015259
-0,13179088;0,47914061;-0,00015259
-0,11131088;0,47914061;-0,00015259
-0,09083088;0,47914061;-0,00015259
-0,07035088;0,47914061;-0,00015259
-0,04987088;0,47914061;-0,00015259
-0,02939088;0,47914061;-0,00015259
-0,00891088;0,52293468;-0,00015259
0,01156912;0,52293468;0,79103976
0,03204912;0,52293468;4,92309332
0,05252912;0,52293468;4,96704006
0,07300912;0,52293468;4,96704006
0,09348912;0,52293468;4,92309332
0,11396912;0,56657612;4,92309332
0,13444912;0,56657612;4,96704006
0,15492912;0,56657612;4,96704006
0,17540912;0,56657612;4,96704006
0,19588912;0,61037016;4,96704006
0,21636912;0,61037016;4,96704006
0,23684912;0,61037016;4,96704006
0,25732912;0,61037016;4,96704006
0,27780912;0,61037016;4,96704006
0,29828912;0,61037016;
0,31876912;0,65416425;4,96704006
0,33924912;0,65416425;4,96704006
0,35972912;0,65416425;4,96704006
0,38020912;0,65416425;4,96704006
0,40068912;0,65416425;4,92309332
0,42116912;0,69780570;
0,44164912;0,69780570;4,96704006
0,46212912;0,69780570;4,96704006
0,48260912;0,69780570;4,96704006
0,50308912;0,69780570;4,96704006
0,52356912;0,74159980;4,96704006
0,54404912;0,74159980;
0,56452912;0,74159980;4,96704006
0,58500912;0,74159980;4,96704006
0,60548912;0,74159980;4,96704006
0,62596912;0,74159980;
0,64644912;0,78539383;4,96704006
0,66692912;0,78539383;4,96704006
0,68740912;0,78539383;4,96704006
0,70788912;0,78539383;4,96704006
0,72836912;0,78539383;4,96704006
0,74884912;0,82918793;4,96704006
0,76932912;0,82918793;4,96704006
0,78980912;0,82918793;
0,81028912;0,82918793;4,96704006
0,83076912;0,82918793;4,96704006
0,85124912;0,82918793;
0,87172912;0,82918793;4,96704006
0,89220912;0,87282938;4,92309332
0,91268912;0,87282938;4,96704006
0,93316912;0,87282938;4,96704006
0,95364912;0,87282938;
0,97412912;0,91662341;4,96704006
0,99460912;0,91662341;4,96704006
1,01508912;0,91662341;4,96704006
1,03556912;0,91662341;4,92309332
1,05604912;0,91662341;4,96704006
1,07652912;0,96041751;4,96704006
1,09700912;0,96041751;4,96704006
1,11748912;0,96041751;4,96704006
1,13796912;0,96041751;4,92309332
1,15844912;0,96041751;4,96704006
1,17892912;0,96041751;4,96704006
1,19940912;0,96041751;4,96704006
1,21988912;1,00405896;4,96704006
1,24036912;1,00405896;4,96704006
1,26084912;1,00405896;4,96704006
1,28132912;1,00405896;4,96704006
1,30180912;1,00405896;4,96704006
1,32228912;1,04785299;4,96704006
1,34276912;1,00405896;4,96704006
1,36324912;1,04785299;4,96704006
1,38372912;1,04785299;
1,40420912;1,04785299;4,96704006
1,42468912;1,09164703;4,96704006
1,44516911;1,09164703;4,96704006
1,46564911;1,09164703;4,96704006
1,48612911;1,09164703;4,96704006
1,50660911;1,09164703;4,96704006
1,52708911;1,13528860;4,96704006
1,54756911;1,09164703;4,96704006
1,56804911;1,13528860;4,96704006
1,58852911;1,13528860;4,96704006
1,60900911;1,13528860;4,96704006
1,62948911;1,13528860;4,96704006
1,64996911;1,17908263;4,96704006
1,67044911;1,17908263;4,96704006
1,69092911;1,17908263;4,96704006
1,71140911;1,17908263;4,96704006
1,73188911;1,17908263;4,96704006
1,75236911;1,17908263;4,96704006
1,77284911;1,17908263;4,92309332
1,79332911;1,22287667;4,96704006
1,81380911;1,22287667;
1,83428911;1,22287667;4,96704006
1,85476911;1,22287667;4,96704006
1,87524911;1,26651812;4,96704006
1,89572911;1,22287667;4,96704006
1,91620911;1,26651812;4,96704006
1,93668911;1,26651812;4,96704006
1,95716911;1,26651812;4,96704006
1,97764911;1,31031215;4,96704006
1,99812911;1,26651812;4,96704006
2,01860911;1,31031215;4,92309332
2,03908911;1,31031215;4,96704006
2,05956911;1,31031215;4,96704006
2,08004911;1,35410631;4,96704006
2,10052911;1,35410631;
2,12100911;1,35410631;4,96704006
2,14148911;1,35410631;4,96704006
2,16196911;1,39774776;4,96704006
2,18244911;1,35410631;4,96704006
2,20292911;1,39774776;4,96704006
2,22340911;1,39774776;4,96704006
2,24388911;1,39774776;4,96704006
2,26436911;1,39774776;4,96704006
2,28484911;1,44154179;4,96704006
2,30532911;1,44154179;
2,32580911;1,44154179;
2,34628911;1,44154179;4,96704006
2,36676911;1,44154179;4,96704006
2,38724911;1,44154179;4,96704006
2,40772911;1,48533583;4,96704006
2,42820911;1,48533583;4,96704006
2,44868911;1,48533583;4,96704006
2,46916911;1,48533583;4,96704006
2,48964911;1,52912986;4,96704006
2,51012911;1,52912986;4,96704006
2,53060911;1,52912986;4,92309332
2,55108911;1,52912986;4,96704006
2,57156911;1,52912986;4,96704006
2,59204911;1,52912986;4,96704006
2,61252911;1,52912986;4,96704006
2,63300911;1,57277143;4,96704006
2,65348911;1,57277143;4,96704006
2,67396911;1,57277143;4,96704006
2,69444911;1,57277143;
2,71492911;1,61656547;4,96704006
2,73540911;1,61656547;4,96704006
2,75588911;1,61656547;4,92309332
2,77636911;1,61656547;4,96704006
2,79684911;1,61656547;
2,81732911;1,66035950;4,96704006
2,83780911;1,61656547;4,96704006
2,85828911;1,61656547;4,96704006
2,87876911;1,66035950;4,96704006
2,89924911;1,66035950;4,96704006
2,91972911;1,66035950;
2,94020911;1,70400095;4,96704006
2,96068911;1,70400095;4,96704006
2,98116911;1,70400095;
3,00164911;1,70400095;4,96704006
3,02212911;1,70400095;4,96704006
3,04260911;1,70400095;4,96704006
3,06308911;1,74779499;4,96704006
3,08356911;1,74779499;4,96704006
3,10404910;1,74779499;4,96704006
3,12452910;1,74779499;4,96704006
3,14500910;1,74779499;4,96704006
3,16548910;1,74779499;4,96704006
3,18596910;1,74779499;4,96704006
3,20644910;1,79158914;4,96704006
3,22692910;1,79158914;4,96704006
3,24740910;1,79158914;4,96704006
3,26788910;1,79158914;4,96704006
3,28836910;1,83523059;4,96704006
3,30884910;1,83523059;4,96704006
3,32932910;1,83523059;4,92309332
3,34980910;1,83523059;4,96704006
3,37028910;1,83523059;4,96704006
3,39076910;1,87902462;4,96704006
3,41124910;1,87902462;4,96704006
3,43172910;1,87902462;4,96704006
3,45220910;1,87902462;4,96704006
3,47268910;1,87902462;4,96704006
3,49316910;1,87902462;4,92309332
3,51364910;1,92281866;4,96704006
3,53412910;1,92281866;4,96704006
3,55460910;1,92281866;4,96704006
3,57508910;1,92281866;4,96704006
3,59556910;1,96646011;4,96704006
3,61604910;1,96646011;4,96704006
3,63652910;1,96646011;4,96704006
3,65700910;1,96646011;4,96704006
3,67748910;1,96646011;4,96704006
3,69796910;1,96646011;4,96704006
3,71844910;1,96646011;4,96704006
3,73892910;1,96646011;4,96704006
3,75940910;1,96646011;4,96704006
3,77988910;1,96646011;4,96704006
3,80036910;1,92281866;4,96704006
3,82084910;1,96646011;4,96704006
3,84132910;1,92281866;4,96704006
3,86180910;1,87902462;4,96704006
3,88228910;1,87902462;4,96704006
3,90276910;1,87902462;4,96704006
3,92324910;1,87902462;4,96704006
3,94372910;1,87902462;4,96704006
3,96420910;1,87902462;4,96704006
3,98468910;1,87902462;4,92309332
4,00516910;1,83523059;4,96704006
4,02564910;1,83523059;4,96704006
4,04612910;1,83523059;4,96704006
4,06660910;1,79158914;4,96704006
4,08708910;1,83523059;4,96704006
4,10756910;1,83523059;4,96704006
4,12804910;1,79158914;4,96704006
4,14852910;1,79158914;4,96704006
4,16900910;1,79158914;4,96704006
4,18948910;1,79158914;
4,20996910;1,79158914;4,96704006
4,23044910;1,74779499;4,96704006
4,25092910;1,74779499;4,96704006
4,27140910;1,74779499;4,96704006
4,29188910;1,74779499;4,96704006
4,31236910;1,70400095;4,96704006
4,33284910;1,70400095;4,96704006
4,35332910;1,70400095;4,96704006
4,37380910;1,70400095;4,96704006
4,39428910;1,70400095;4,96704006
4,41476910;1,70400095;4,96704006
4,43524910;1,70400095;4,96704006
4,45572910;1,66035950;4,96704006
4,47620910;1,66035950;4,96704006
4,49668910;1,66035950;4,96704006
4,51716910;1,66035950;4,96704006
4,53764910;1,66035950;4,96704006
4,55812910;1,61656547;4,96704006
4,57860910;1,66035950;4,92309332
4,59908910;1,61656547;4,96704006
4,61956910;1,57277143;4,96704006
4,64004910;1,61656547;4,96704006
4,66052910;1,57277143;4,96704006
4,68100910;1,57277143;4,96704006
4,70148910;1,57277143;4,96704006
4,72196910;1,57277143;4,96704006
4,74244909;1,57277143;4,96704006
4,76292909;1,57277143;4,96704006
4,78340909;1,52912986;4,96704006
4,80388909;1,52912986;4,96704006
4,82436909;1,52912986;4,96704006
4,84484909;1,52912986;4,96704006
4,86532909;1,48533583;4,96704006
4,88580909;1,52912986;4,96704006
4,90628909;1,48533583;4,96704006
4,92676909;1,48533583;4,96704006
4,94724909;1,48533583;4,96704006
4,96772909;1,48533583;4,96704006
4,98820909;1,44154179;4,96704006
5,00868909;1,44154179;4,96704006
5,02916909;1,44154179;4,96704006
5,04964909;1,44154179;4,96704006
5,07012909;1,44154179;4,96704006
5,09060909;1,44154179;4,96704006
5,11108909;1,39774776;4,96704006
5,13156909;1,44154179;4,96704006
5,15204909;1,39774776;4,96704006
5,17252909;1,35410631;4,96704006
5,19300909;1,39774776;4,96704006
5,21348909;1,35410631;4,96704006
5,23396909;1,35410631;4,96704006
5,25444909;1,35410631;4,96704006
5,27492909;1,35410631;4,96704006
5,29540909;1,35410631;4,96704006
5,31588909;1,31031215;4,96704006
5,33636909;1,31031215;4,96704006
5,35684909;1,31031215;4,96704006
5,37732909;1,26651812;4,96704006
5,39780909;1,26651812;4,92309332
5,41828909;1,26651812;4,96704006
5,43876909;1,26651812;4,96704006
5,45924909;1,26651812;4,96704006
5,47972909;1,26651812;4,96704006
5,50020909;1,22287667;4,96704006
5,52068909;1,22287667;4,96704006
5,54116909;1,22287667;4,96704006
5,56164909;1,22287667;4,96704006
5,58212909;1,22287667;4,96704006
5,60260909;1,22287667;4,96704006
5,62308909;1,17908263;4,96704006
5,64356909;1,17908263;4,96704006
5,66404909;1,17908263;4,96704006
5,68452909;1,17908263;4,96704006
5,70500909;1,17908263;4,96704006
5,72548909;1,17908263;4,96704006
5,74596909;1,13528860;4,96704006
5,76644909;1,13528860;4,96704006
5,78692909;1,13528860;4,96704006
5,80740909;1,13528860;4,96704006
5,82788909;1,13528860;4,96704006
5,84836909;1,09164703;
5,86884909;1,09164703;4,96704006
5,88932909;1,09164703;
5,90980909;1,09164703;
5,93028909;1,09164703;4,96704006
5,95076909;1,04785299;4,96704006
5,97124909;1,09164703;4,96704006
5,99172909;1,04785299;4,96704006
6,01220909;1,04785299;4,96704006
6,03268909;1,04785299;4,96704006
6,05316909;1,04785299;4,96704006
6,07364909;1,04785299;
6,09412909;1,00405896;4,96704006
6,11460909;1,00405896;4,96704006
6,13508909;1,00405896;4,96704006
6,15556909;1,00405896;4,96704006
6,17604909;1,00405896;4,96704006
6,19652909;1,00405896;4,92309332
6,21700909;1,00405896;4,96704006
6,23748909;0,96041751;4,96704006
6,25796909;0,96041751;4,96704006
6,27844909;0,96041751;4,96704006
6,29892909;0,96041751;4,96704006
6,31940909;0,91662341;4,96704006
6,33988909;0,91662341;4,96704006
6,36036909;0,91662341;4,96704006
6,38084908;0,91662341;4,96704006
6,40132908;0,91662341;4,96704006
6,42180908;0,87282938;4,96704006
6,44228908;0,91662341;4,96704006
6,46276908;0,87282938;4,96704006
6,48324908;0,87282938;4,96704006
6,50372908;0,87282938;4,96704006
6,52420908;0,82918793;4,96704006
6,54468908;0,82918793;4,96704006
6,56516908;0,82918793;4,96704006
6,58564908;0,82918793;4,96704006
6,60612908;0,82918793;4,96704006
6,62660908;0,82918793;4,96704006
6,64708908;0,78539383;4,96704006
6,66756908;0,78539383;4,96704006
6,68804908;0,78539383;4,96704006
6,70852908;0,78539383;4,92309332
6,72900908;0,74159980;4,96704006
6,74948908;0,78539383;4,96704006
6,76996908;0,74159980;4,96704006
6,79044908;0,74159980;4,96704006
6,81092908;0,74159980;4,96704006
6,83140908;0,69780570;4,96704006
6,85188908;0,74159980;4,96704006
6,87236908;0,74159980;4,96704006
6,89284908;0,69780570;4,96704006
6,91332908;0,69780570;4,96704006
6,93380908;0,69780570;4,96704006
6,95428908;0,65416425;4,96704006
6,97476908;0,65416425;4,96704006
6,99524908;0,65416425;4,96704006
7,01572908;0,65416425;4,96704006
7,03620908;0,65416425;4,96704006
7,05668908;0,61037016;4,96704006
7,07716908;0,65416425;4,96704006
7,09764908;0,61037016;4,96704006
7,11812908;0,61037016;4,96704006
7,13860908;0,61037016;
7,15908908;0,61037016;4,96704006
7,17956908;0,56657612;4,96704006
7,20004908;0,56657612;4,96704006
7,22052908;0,56657612;4,96704006
7,24100908;0,56657612;4,96704006
7,26148908;0,52293468;4,96704006
7,28196908;0,56657612;4,96704006
7,30244908;0,52293468;4,96704006
7,32292908;0,52293468;4,96704006
7,34340908;0,52293468;4,96704006
7,36388908;0,52293468;4,92309332
7,38436908;0,52293468;3,95596170
7,40484908;0,47914061;-0,00015259
7,42532908;0,47914061;-0,00015259
7,44580908;0,47914061;-0,00015259
7,46628908;0,47914061;-0,00015259
7,48676908;0,47914061;-0,00015259
7,50724908;0,47914061;-0,00015259
7,52772908;0,43534654;-0,00015259
7,54820908;0,43534654;-0,00015259
7,56868908;0,43534654;-0,00015259
7,58916908;0,43534654;-0,00015259
7,60964908;0,43534654;-0,00015259
7,63012908;0,39170507;-0,00015259
7,65060908;0,39170507;-0,00015259
7,67108908;0,39170507;-0,00015259
7,69156908;0,39170507;-0,00015259
7,71204908;0,39170507;-0,00015259
7,73252908;0,39170507;-0,00015259
7,75300908;0,34791100;-0,00015259
7,77348908;0,34791100;-0,00015259
7,79396908;0,30411693;-0,00015259
7,81444908;0,30411693;-0,00015259
7,83492908;0,34791100;-0,00015259
7,85540908;0,30411693;-0,00015259
7,87588908;0,30411693;-0,00015259
7,89636908;0,30411693;-0,00015259
7,91684908;0,30411693;-0,00015259
7,93732908;0,30411693;-0,00015259
7,95780908;0,26047549;-0,00015259
7,97828908;0,26047549;-0,00015259
7,99876908;0,26047549;-0,00015259
8,01924908;0,26047549;-0,00015259
8,03972907;0,21668142;-0,00015259
8,06020907;0,21668142;-0,00015259
8,08068907;0,26047549;-0,00015259
8,10116907;0,21668142;-0,00015259
8,12164907;0,21668142;-0,00015259
8,14212907;0,21668142;-0,00015259
8,16260907;0,17288736;-0,00015259
8,18308907;0,17288736;-0,00015259
8,20356907;0,17288736;-0,00015259
8,22404907;0,17288736;-0,00015259
8,24452907;0,17288736;-0,00015259
8,26500907;0,12924589;-0,00015259
8,28548907;0,12924589;-0,00015259
8,30596907;0,12924589;-0,00015259
8,32644907;0,12924589;-0,00015259
8,34692907;0,12924589;-0,00015259
8,36740907;0,08560442;-0,00015259
8,38788907;0,08560442;-0,00015259
8,40836907;0,08560442;-0,00015259
8,42884907;0,08560442;-0,00015259
8,44932907;0,08560442;-0,00015259
8,46980907;0,08560442;-0,00015259
8,49028907;0,04181036;-0,00015259
8,51076907;0,04181036;-0,00015259
8,53124907;0,04181036;-0,00015259
8,55172907;0,04181036;-0,00015259
8,57220907;0,04181036;-0,00015259
8,59268907;0,04181036;-0,00015259
8,61316907;0,04181036;-0,00015259
8,63364907;-0,00198370;-0,00015259
8,65412907;-0,00198370;-0,00015259
8,67460907;-0,04562517;-0,00015259
8,69508907;-0,00198370;-0,00015259
8,71556907;-0,00198370;-0,00015259
8,73604907;-0,00198370;-0,00015259
8,75652907;0,04181036;-0,00015259
8,77700907;0,04181036;-0,00015259
8,79748907;0,04181036;-0,00015259
8,81796907;0,04181036;-0,00015259
8,83844907;0,04181036;-0,00015259
8,85892907;0,04181036;-0,00015259
8,87940907;0,08560442;-0,00015259
8,89988907;0,08560442;-0,00015259
8,92036907;0,08560442;-0,00015259
8,94084907;0,08560442;-0,00015259
8,96132907;0,08560442;-0,00015259
8,98180907;0,08560442;-0,00015259
9,00228907;0,12924589;-0,00015259
9,02276907;0,12924589;-0,00015259
9,04324907;0,12924589;-0,00015259
9,06372907;0,12924589;-0,00015259
9,08420907;0,12924589;-0,00015259
9,10468907;0,12924589;-0,00015259
9,12516907;0,12924589;-0,00015259
9,14564907;0,17288736;-0,00015259
9,16612907;0,17288736;0,04379406
9,18660907;0,21668142;-0,00015259
9,20708907;0,17288736;-0,00015259
9,22756907;0,21668142;-0,00015259
9,24804907;0,21668142;-0,00015259
9,26852907;0,21668142;-0,00015259
9,28900907;0,21668142;-0,00015259
9,30948907;0,26047549;-0,00015259
9,32996907;0,21668142;-0,00015259
9,35044907;0,26047549;-0,00015259
9,37092907;0,26047549;-0,00015259
9,39140907;0,26047549;-0,00015259
9,41188907;0,26047549;-0,00015259
9,43236907;0,30411693;-0,00015259
9,45284907;0,30411693;-0,00015259
9,47332907;0,30411693;-0,00015259
9,49380907;0,30411693;-0,00015259
9,51428907;0,30411693;-0,00015259
9,53476907;0,30411693;-0,00015259
9,55524907;0,30411693;-0,00015259
9,57572907;0,34791100;-0,00015259
9,59620907;0,34791100;-0,00015259
9,61668907;0,34791100;-0,00015259
9,63716907;0,34791100;-0,00015259
9,65764907;0,39170507;-0,00015259
9,67812906;0,39170507;-0,00015259
9,69860906;0,39170507;-0,00015259
9,71908906;0,39170507;-0,00015259
9,73956906;0,39170507;-0,00015259
9,76004906;0,39170507;-0,00015259
9,78052906;0,43534654;-0,00015259
9,80100906;0,39170507;-0,00015259
9,82148906;0,43534654;-0,00015259
9,84196906;0,43534654;-0,00015259
9,86244906;0,47914061;-0,00015259
9,88292906;0,47914061;-0,00015259
9,90340906;0,47914061;-0,00015259
9,92388906;0,47914061;-0,00015259
9,94436906;0,47914061;-0,00015259
9,96484906;0,47914061;-0,00015259
9,98532906;0,52293468;-0,00015259
10,00580906;0,52293468;-0,00015259
10,02628906;0,52293468;3,60438848
10,04676906;0,52293468;4,92309332
10,06724906;0,52293468;4,92309332
10,08772906;0,52293468;4,96704006
10,10820906;0,56657612;4,96704006
10,12868906;0,56657612;4,96704006
10,14916906;0,56657612;4,96704006
10,16964906;0,56657612;4,96704006
10,19012906;0,61037016;4,92309332
10,21060906;0,56657612;4,96704006
10,23108906;0,61037016;4,96704006
10,25156906;0,61037016;4,96704006
10,27204906;0,61037016;4,96704006
10,29252906;0,61037016;
10,31300906;0,65416425;4,96704006
10,33348906;0,65416425;4,96704006
10,35396906;0,65416425;4,96704006
10,37444906;0,65416425;4,96704006
10,39492906;0,65416425;4,96704006
10,41540906;0,65416425;4,96704006
10,43588906;0,65416425;4,96704006
10,45636906;0,69780570;4,96704006
10,47684906;0,69780570;4,96704006
10,49732906;0,69780570;4,96704006
10,51780906;0,69780570;4,96704006
10,53828906;0,74159980;4,96704006
10,55876906;0,74159980;4,96704006
10,57924906;0,74159980;4,96704006
10,59972906;0,74159980;4,96704006
10,62020906;0,74159980;4,96704006
10,64068906;0,78539383;4,96704006
10,66116906;0,78539383;4,96704006
10,68164906;0,78539383;4,96704006
10,70212906;0,78539383;4,96704006
10,72260906;0,78539383;4,96704006
10,74308906;0,78539383;4,96704006
10,76356906;0,78539383;4,96704006
10,78404906;0,82918793;4,92309332
10,80452906;0,82918793;4,96704006
10,82500906;0,82918793;4,96704006
10,84548906;0,82918793;4,96704006
10,86596906;0,87282938;4,96704006
10,88644906;0,87282938;4,96704006
10,90692906;0,87282938;4,96704006
10,92740906;0,87282938;4,96704006
10,94788906;0,87282938;4,96704006
10,96836906;0,91662341;4,96704006
10,98884906;0,91662341;4,96704006
11,00932906;0,91662341;4,96704006
11,02980906;0,91662341;4,96704006
11,05028906;0,91662341;4,96704006
11,07076906;0,91662341;
11,09124906;0,96041751;4,96704006
11,11172906;0,96041751;4,96704006
11,13220906;0,96041751;4,96704006
11,15268906;0,96041751;4,96704006
11,17316906;1,00405896;4,96704006
11,19364906;0,96041751;4,96704006
11,21412906;0,96041751;4,96704006
11,23460906;1,00405896;4,96704006
11,25508906;1,00405896;4,96704006
11,27556906;1,00405896;4,96704006
11,29604906;1,04785299;4,96704006
11,31652905;1,04785299;
11,33700905;1,04785299;4,96704006
11,35748905;1,04785299;4,96704006
11,37796905;1,04785299;4,96704006
11,39844905;1,04785299;4,96704006
11,41892905;1,09164703;4,92309332
11,43940905;1,09164703;4,96704006
11,45988905;1,09164703;4,96704006
11,48036905;1,09164703;4,96704006
11,50084905;1,09164703;4,96704006
11,52132905;1,09164703;4,96704006
11,54180905;1,13528860;4,96704006
11,56228905;1,13528860;4,92309332
11,58276905;1,13528860;4,96704006
11,60324905;1,13528860;4,96704006
11,62372905;1,13528860;4,96704006
11,64420905;1,13528860;4,96704006
11,66468905;1,13528860;4,96704006
11,68516905;1,17908263;4,96704006
11,70564905;1,17908263;4,96704006
11,72612905;1,17908263;4,96704006
11,74660905;1,17908263;4,96704006
11,76708905;1,22287667;4,96704006
11,78756905;1,22287667;4,96704006
11,80804905;1,22287667;4,96704006
11,82852905;1,22287667;4,96704006
11,84900905;1,22287667;4,96704006
11,86948905;1,26651812;
11,88996905;1,26651812;4,96704006
11,91044905;1,26651812;
11,93092905;1,26651812;4,96704006
11,95140905;1,26651812;4,96704006
11,97188905;1,26651812;4,96704006
11,99236905;1,26651812;4,96704006
12,01284905;1,26651812;4,96704006
12,03332905;1,31031215;4,96704006
12,05380905;1,31031215;4,96704006
12,07428905;1,35410631;4,92309332
12,09476905;1,35410631;4,96704006
12,11524905;1,35410631;4,96704006
12,13572905;1,35410631;4,96704006
12,15620905;1,35410631;4,96704006
12,17668905;1,35410631;4,96704006
12,19716905;1,35410631;4,96704006
12,21764905;1,35410631;4,96704006
12,23812905;1,39774776;4,96704006
12,25860905;1,39774776;4,96704006
12,27908905;1,44154179;4,96704006
12,29956905;1,44154179;4,96704006
12,32004905;1,44154179;4,96704006
12,34052905;1,44154179;4,96704006
12,36100905;1,44154179;4,96704006
12,38148905;1,48533583;4,96704006
12,40196905;1,44154179;4,96704006
12,42244905;1,48533583;4,96704006
12,44292905;1,48533583;4,92309332
12,46340905;1,48533583;4,96704006
12,48388905;1,48533583;4,92309332
12,50436905;1,48533583;
12,52484905;1,52912986;
12,54532905;1,52912986;4,96704006
12,56580905;1,52912986;
12,58628905;1,52912986;4,96704006
12,60676905;1,52912986;4,96704006
12,62724905;1,52912986;4,96704006
12,64772905;1,57277143;4,96704006
12,66820905;1,57277143;4,96704006
12,68868905;1,57277143;4,96704006
12,70916905;1,57277143;4,96704006
12,72964905;1,57277143;4,96704006
12,75012905;1,61656547;4,92309332
12,77060905;1,61656547;4,96704006
12,79108905;1,61656547;4,96704006
12,81156905;1,61656547;4,96704006
12,83204905;1,61656547;4,96704006
12,85252905;1,61656547;4,96704006
12,87300905;1,66035950;4,96704006
12,89348905;1,66035950;4,96704006
12,91396905;1,66035950;4,96704006
12,93444905;1,66035950;4,96704006
12,95492905;1,70400095;4,96704006
12,97540904;1,66035950;4,96704006
12,99588904;1,70400095;4,96704006
13,01636904;1,70400095;4,96704006
13,03684904;1,70400095;4,96704006
13,05732904;1,74779499;4,96704006
13,07780904;1,70400095;4,96704006
13,09828904;1,70400095;4,96704006
13,11876904;1,74779499;4,96704006
13,13924904;1,74779499;4,96704006
13,15972904;1,74779499;4,96704006
13,18020904;1,79158914;4,96704006
13,20068904;1,79158914;4,96704006
13,22116904;1,79158914;4,96704006
13,24164904;1,79158914;4,96704006
13,26212904;1,83523059;4,96704006
13,28260904;1,83523059;4,96704006
13,30308904;1,83523059;4,96704006
13,32356904;1,83523059;4,92309332
13,34404904;1,83523059;4,96704006
13,36452904;1,83523059;4,96704006
13,38500904;1,87902462;4,96704006
13,40548904;1,87902462;4,92309332
13,42596904;1,87902462;4,96704006
13,44644904;1,87902462;
13,46692904;1,87902462;4,92309332
13,48740904;1,87902462;4,96704006
13,50788904;1,92281866;4,96704006
13,52836904;1,92281866;
13,54884904;1,92281866;4,96704006
13,56932904;1,92281866;4,96704006
13,58980904;1,92281866;4,96704006
13,61028904;1,96646011;4,96704006
13,63076904;1,96646011;4,96704006
13,65124904;1,96646011;4,96704006
13,67172904;1,96646011;4,96704006
13,69220904;1,96646011;
13,71268904;1,96646011;4,96704006
13,73316904;1,96646011;4,96704006
13,75364904;1,96646011;4,96704006
13,77412904;1,92281866;4,96704006
13,79460904;1,96646011;4,96704006
13,81508904;1,92281866;4,96704006
13,83556904;1,92281866;4,96704006
13,85604904;1,92281866;
13,87652904;1,87902462;4,96704006
13,89700904;1,87902462;4,96704006
13,91748904;1,87902462;4,96704006
13,93796904;1,87902462;4,96704006
13,95844904;1,87902462;4,96704006
13,97892904;1,87902462;4,96704006
13,99940904;1,83523059;4,96704006
14,01988904;1,87902462;4,96704006
14,04036904;1,83523059;4,96704006
14,06084904;1,83523059;4,96704006
14,08132904;1,79158914;4,96704006
14,10180904;1,79158914;4,96704006
14,12228904;1,79158914;4,96704006
14,14276904;1,79158914;4,96704006
14,16324904;1,79158914;4,96704006
14,18372904;1,79158914;4,96704006
14,20420904;1,79158914;4,96704006
14,22468904;1,74779499;4,96704006
14,24516904;1,74779499;4,96704006
14,26564904;1,74779499;4,96704006
14,28612904;1,74779499;4,96704006
14,30660904;1,70400095;4,96704006
14,32708904;1,70400095;4,96704006
14,34756904;1,70400095;4,96704006
14,36804904;1,70400095;4,96704006
14,38852904;1,70400095;4,96704006
14,40900904;1,66035950;4,96704006
14,42948904;1,66035950;4,96704006
14,44996904;1,66035950;4,96704006
14,47044904;1,66035950;4,96704006
14,49092904;1,66035950;4,96704006
14,51140904;1,66035950;4,96704006
14,53188904;1,61656547;4,96704006
14,55236904;1,66035950;4,96704006
14,57284904;1,61656547;4,92309332
14,59332904;1,61656547;4,96704006
14,61380903;1,61656547;4,96704006
14,63428903;1,57277143;4,96704006
14,65476903;1,61656547;4,96704006
14,67524903;1,57277143;4,96704006
14,69572903;1,57277143;4,96704006
14,71620903;1,52912986;4,96704006
14,73668903;1,57277143;4,96704006
14,75716903;1,57277143;4,96704006
14,77764903;1,52912986;4,96704006
14,79812903;1,52912986;4,96704006
14,81860903;1,52912986;4,96704006
14,83908903;1,52912986;4,92309332
14,85956903;1,52912986;
14,88004903;1,52912986;4,96704006
14,90052903;1,48533583;4,96704006
14,92100903;1,48533583;4,96704006
14,94148903;1,48533583;
14,96196903;1,48533583;4,96704006
14,98244903;1,48533583;4,96704006
15,00292903;1,48533583;4,96704006
15,02340903;1,44154179;4,96704006
15,04388903;1,44154179;4,96704006
15,06436903;1,39774776;4,96704006
15,08484903;1,44154179;4,96704006
15,10532903;1,39774776;4,96704006
15,12580903;1,39774776;4,96704006
15,14628903;1,39774776;4,92309332
15,16676903;1,35410631;4,96704006
15,18724903;1,35410631;4,96704006
15,20772903;1,35410631;4,96704006
15,22820903;1,35410631;4,96704006
15,24868903;1,35410631;4,96704006
15,26916903;1,35410631;4,96704006
15,28964903;1,31031215;4,96704006
15,31012903;1,31031215;4,96704006
15,33060903;1,31031215;4,96704006
15,35108903;1,31031215;4,96704006
15,37156903;1,31031215;4,96704006
15,39204903;1,31031215;4,96704006
15,41252903;1,26651812;4,96704006
15,43300903;1,26651812;4,96704006
15,45348903;1,26651812;4,96704006
15,47396903;1,26651812;4,96704006
15,49444903;1,22287667;
15,51492903;1,22287667;4,96704006
15,53540903;1,22287667;4,96704006
15,55588903;1,22287667;4,96704006
15,57636903;1,22287667;4,96704006
15,59684903;1,17908263;4,96704006
15,61732903;1,17908263;4,96704006
15,63780903;1,17908263;4,96704006
15,65828903;1,17908263;4,92309332
15,67876903;1,17908263;4,96704006
15,69924903;1,17908263;4,96704006
15,71972903;1,13528860;4,96704006
15,74020903;1,17908263;4,96704006
15,76068903;1,13528860;4,96704006
15,78116903;1,13528860;4,96704006
15,80164903;1,13528860;4,96704006
15,82212903;1,13528860;4,96704006
15,84260903;1,13528860;4,96704006
15,86308903;1,09164703;4,96704006
15,88356903;1,09164703;4,96704006
15,90404903;1,09164703;4,96704006
15,92452903;1,09164703;
15,94500903;1,04785299;4,96704006
15,96548903;1,04785299;4,96704006
15,98596903;1,04785299;4,96704006
16,00644903;1,04785299;4,96704006
16,02692903;1,00405896;4,96704006
16,04740903;1,04785299;4,96704006
16,06788903;1,00405896;4,92309332
16,08836903;1,00405896;4,96704006
16,10884903;1,00405896;
16,12932903;1,00405896;4,96704006
16,14980903;1,00405896;4,96704006
16,17028903;1,00405896;4,96704006
16,19076903;0,96041751;4,96704006
16,21124903;0,96041751;4,96704006
16,23172903;0,96041751;
16,25220902;0,96041751;4,96704006
16,27268902;0,96041751;4,96704006
16,29316902;0,96041751;
16,31364902;0,96041751;4,96704006
16,33412902;0,96041751;4,96704006
16,35460902;0,91662341;4,96704006
16,37508902;0,91662341;4,96704006
16,39556902;0,91662341;4,96704006
16,41604902;0,91662341;4,96704006
16,43652902;0,87282938;4,96704006
16,45700902;0,87282938;4,96704006
16,47748902;0,87282938;4,96704006
16,49796902;0,82918793;4,96704006
16,51844902;0,82918793;4,96704006
16,53892902;0,82918793;4,96704006
16,55940902;0,82918793;4,96704006
16,57988902;0,82918793;4,96704006
16,60036902;0,82918793;4,96704006
16,62084902;0,78539383;4,96704006
16,64132902;0,78539383;
16,66180902;0,78539383;4,96704006
16,68228902;0,78539383;4,96704006
16,70276902;0,78539383;4,96704006
16,72324902;0,78539383;4,96704006
16,74372902;0,78539383;4,96704006
16,76420902;0,74159980;4,96704006
16,78468902;0,74159980;4,96704006
16,80516902;0,74159980;4,96704006
16,82564902;0,74159980;
16,84612902;0,74159980;4,96704006
16,86660902;0,74159980;4,92309332
16,88708902;0,69780570;4,96704006
16,90756902;0,74159980;4,96704006
16,92804902;0,69780570;4,96704006
16,94852902;0,65416425;
16,96900902;0,65416425;4,96704006
16,98948902;0,65416425;4,96704006
17,00996902;0,65416425;4,96704006
17,03044902;0,65416425;4,96704006
17,05092902;0,65416425;
17,07140902;0,65416425;4,96704006
17,09188902;0,61037016;4,96704006
17,11236902;0,61037016;4,96704006
17,13284902;0,56657612;
17,15332902;0,61037016;4,96704006
17,17380902;0,61037016;4,96704006
17,19428902;0,56657612;4,96704006
17,21476902;0,56657612;4,96704006
17,23524902;0,56657612;4,96704006
17,25572902;0,56657612;4,96704006
17,27620902;0,56657612;4,96704006
17,29668902;0,52293468;4,96704006
17,31716902;0,52293468;4,96704006
17,33764902;0,52293468;4,96704006
17,35812902;0,52293468;4,96704006
17,37860902;0,47914061;4,87914658
17,39908902;0,47914061;0,21958068
17,41956902;0,47914061;-0,00015259
17,44004902;0,47914061;-0,00015259
17,46052902;0,47914061;-0,00015259
17,48100902;0,47914061;-0,00015259
17,50148902;0,47914061;-0,00015259
17,52196902;0,43534654;-0,00015259
17,54244902;0,43534654;-0,00015259
17,56292902;0,43534654;-0,00015259
17,58340902;0,43534654;-0,00015259
17,60388902;0,43534654;-0,00015259
17,62436902;0,39170507;-0,00015259
17,64484902;0,39170507;-0,00015259
17,66532902;0,39170507;-0,00015259
17,68580902;0,39170507;-0,00015259
17,70628902;0,39170507;-0,00015259
17,72676902;0,39170507;-0,00015259
17,74724902;0,34791100;-0,00015259
17,76772902;0,34791100;-0,00015259
17,78820902;0,34791100;-0,00015259
17,80868902;0,34791100;-0,00015259
17,82916902;0,30411693;-0,00015259
17,84964902;0,30411693;-0,00015259
17,87012902;0,30411693;-0,00015259
17,89060902;0,30411693;-0,00015259
17,91108901;0,30411693;-0,00015259
17,93156901;0,30411693;-0,00015259
17,95204901;0,26047549;-0,00015259
17,97252901;0,26047549;-0,00015259
17,99300901;0,26047549;-0,00015259
18,01348901;0,26047549;-0,00015259
18,03396901;0,26047549;-0,00015259
18,05444901;0,26047549;-0,00015259
18,07492901;0,21668142;-0,00015259
18,09540901;0,21668142;-0,00015259
18,11588901;0,21668142;-0,00015259
18,13636901;0,21668142;-0,00015259
18,15684901;0,21668142;-0,00015259
18,17732901;0,17288736;-0,00015259
18,19780901;0,17288736;-0,00015259
18,21828901;0,17288736;-0,00015259
18,23876901;0,17288736;-0,00015259
18,25924901;0,12924589;-0,00015259
18,27972901;0,12924589;-0,00015259
18,30020901;0,12924589;-0,00015259
18,32068901;0,12924589;-0,00015259
18,34116901;0,12924589;-0,00015259
18,36164901;0,12924589;-0,00015259
18,38212901;0,08560442;-0,00015259
18,40260901;0,12924589;-0,00015259
18,42308901;0,08560442;-0,00015259
18,44356901;0,08560442;-0,00015259
18,46404901;0,08560442;-0,00015259
18,48452901;0,04181036;-0,00015259
18,50500901;0,08560442;-0,00015259
18,52548901;0,04181036;-0,00015259
18,54596901;0,04181036;-0,00015259
18,56644901;0,04181036;-0,00015259
18,58692901;0,04181036;-0,00015259
18,60740901;0,04181036;-0,00015259
18,62788901;-0,00198370;-0,00015259
18,64836901;-0,00198370;-0,00015259
18,66884901;-0,00198370;-0,00015259
18,68932901;-0,00198370;-0,00015259
18,70980901;-0,00198370;-0,00015259
18,73028901;-0,00198370;-0,00015259
18,75076901;-0,00198370;-0,00015259
18,77124901;0,04181036;-0,00015259
18,79172901;0,04181036;-0,00015259
18,81220901;0,04181036;-0,00015259
18,83268901;0,04181036;-0,00015259
18,85316901;0,04181036;-0,00015259
18,87364901;0,04181036;-0,00015259
18,89412901;0,08560442;-0,00015259
18,91460901;0,08560442;-0,00015259
18,93508901;0,08560442;-0,00015259
18,95556901;0,08560442;-0,00015259
18,97604901;0,08560442;-0,00015259
18,99652901;0,08560442;-0,00015259
19,01700901;0,12924589;-0,00015259
19,03748901;0,12924589;-0,00015259
19,05796901;0,12924589;-0,00015259
19,07844901;0,12924589;-0,00015259
19,09892901;0,12924589;-0,00015259
19,11940901;0,17288736;-0,00015259
19,13988901;0,17288736;-0,00015259
19,16036901;0,17288736;-0,00015259
19,18084901;0,17288736;-0,00015259
19,20132901;0,17288736;-0,00015259
19,22180901;0,21668142;-0,00015259
19,24228901;0,21668142;-0,00015259
19,26276901;0,21668142;-0,00015259
19,28324901;0,26047549;-0,00015259
19,30372901;0,26047549;-0,00015259
19,32420901;0,26047549;-0,00015259
19,34468901;0,26047549;-0,00015259
19,36516901;0,26047549;-0,00015259
19,38564901;0,26047549;-0,00015259
19,40612901;0,26047549;-0,00015259
19,42660901;0,26047549;-0,00015259
19,44708901;0,30411693;-0,00015259
19,46756901;0,30411693;-0,00015259
19,48804901;0,30411693;-0,00015259
19,50852901;0,30411693;-0,00015259
19,52900901;0,30411693;-0,00015259
19,54948900;0,30411693;-0,00015259
19,56996900;0,34791100;-0,00015259
19,59044900;0,34791100;-0,00015259
19,61092900;0,34791100;-0,00015259
19,63140900;0,34791100;-0,00015259
19,65188900;0,39170507;-0,00015259
19,67236900;0,39170507;-0,00015259
19,69284900;0,39170507;-0,00015259
19,71332900;0,39170507;-0,00015259
19,73380900;0,39170507;-0,00015259
19,75428900;0,43534654;-0,00015259
19,77476900;0,43534654;-0,00015259
19,79524900;0,43534654;-0,00015259
19,81572900;0,43534654;-0,00015259
19,83620900;0,43534654;-0,00015259
19,85668900;0,43534654;-0,00015259
19,87716900;0,43534654;-0,00015259
19,89764900;0,47914061;-0,00015259
19,91812900;0,47914061;-0,00015259
19,93860900;0,47914061;-0,00015259
19,95908900;0,47914061;-0,00015259
19,97956900;0,47914061;-0,00015259
20,00004900;0,47914061;-0,00015259
20,02052900;0,52293468;1,84591210
20,04100900;0,52293468;4,92309332
20,06148900;0,52293468;4,92309332
20,08196900;0,52293468;4,96704006
20,10244900;0,56657612;4,96704006
20,12292900;0,56657612;4,96704006
20,14340900;0,56657612;4,96704006
20,16388900;0,56657612;4,96704006
20,18436900;0,56657612;4,96704006
20,20484900;0,56657612;4,96704006
20,22532900;0,61037016;4,96704006
20,24580900;0,61037016;4,96704006
20,26628900;0,61037016;4,92309332
20,28676900;0,61037016;4,96704006
20,30724900;0,61037016;4,96704006
20,32772900;0,61037016;4,96704006
20,34820900;0,65416425;4,96704006
20,36868900;0,65416425;4,96704006
20,38916900;0,65416425;4,96704006
20,40964900;0,65416425;4,96704006
20,43012900;0,65416425;4,96704006
20,45060900;0,69780570;4,96704006
20,47108900;0,65416425;4,96704006
20,49156900;0,69780570;4,96704006
20,51204900;0,69780570;4,96704006
20,53252900;0,69780570;4,96704006
20,55300900;0,74159980;4,96704006
20,57348900;0,74159980;4,96704006
20,59396900;0,74159980;4,96704006
20,61444900;0,74159980;4,96704006
20,63492900;0,74159980;4,96704006
20,65540900;0,78539383;4,96704006
20,67588900;0,78539383;4,96704006
20,69636900;0,78539383;4,96704006
20,71684900;0,78539383;
20,73732900;0,78539383;4,96704006
20,75780900;0,78539383;4,96704006
20,77828900;0,82918793;4,96704006
20,79876900;0,82918793;4,96704006
20,81924900;0,82918793;4,96704006
20,83972900;0,82918793;4,96704006
20,86020900;0,82918793;4,96704006
20,88068900;0,87282938;4,96704006
20,90116900;0,87282938;4,96704006
20,92164900;0,87282938;4,96704006
20,94212900;0,87282938;4,96704006
20,96260900;0,87282938;4,96704006
20,98308900;0,91662341;4,96704006
21,00356900;0,91662341;
21,02404900;0,91662341;
21,04452900;0,91662341;4,96704006
21,06500900;0,91662341;4,96704006
21,08548900;0,96041751;4,96704006
21,10596900;0,96041751;4,96704006
21,12644900;0,96041751;4,96704006
21,14692900;0,96041751;4,96704006
21,16740900;0,96041751;4,96704006
21,18788899;0,96041751;4,96704006
21,20836899;0,96041751;4,96704006
21,22884899;1,00405896;4,96704006
21,24932899;1,00405896;4,96704006
21,26980899;1,00405896;
21,29028899;1,00405896;4,96704006
21,31076899;1,00405896;4,96704006
21,33124899;1,04785299;4,96704006
21,35172899;1,04785299;4,96704006
21,37220899;1,04785299;4,96704006
21,39268899;1,09164703;4,96704006
21,41316899;1,04785299;4,96704006
21,43364899;1,04785299;4,96704006
21,45412899;1,09164703;4,96704006
21,47460899;1,09164703;4,96704006
21,49508899;1,09164703;4,96704006
21,51556899;1,09164703;4,96704006
21,53604899;1,13528860;4,96704006
21,55652899;1,09164703;4,96704006
21,57700899;1,13528860;4,96704006
21,59748899;1,13528860;4,96704006
21,61796899;1,13528860;4,96704006
21,63844899;1,13528860;4,96704006
21,65892899;1,17908263;4,96704006
21,67940899;1,17908263;4,96704006
21,69988899;1,17908263;4,96704006
21,72036899;1,17908263;4,96704006
21,74084899;1,17908263;4,96704006
21,76132899;1,17908263;4,92309332
21,78180899;1,17908263;4,96704006
21,80228899;1,22287667;4,96704006
21,82276899;1,22287667;4,96704006
21,84324899;1,22287667;4,96704006
21,86372899;1,22287667;4,96704006
21,88420899;1,22287667;4,96704006
21,90468899;1,22287667;
21,92516899;1,26651812;4,92309332
21,94564899;1,26651812;4,96704006
21,96612899;1,31031215;4,96704006
21,98660899;1,31031215;4,96704006
22,00708899;1,31031215;4,96704006
22,02756899;1,35410631;4,96704006
22,04804899;1,31031215;4,96704006
22,06852899;1,35410631;4,96704006
22,08900899;1,35410631;4,96704006
22,10948899;1,31031215;4,96704006
22,12996899;1,35410631;4,96704006
22,15044899;1,35410631;4,96704006
22,17092899;1,35410631;4,96704006
22,19140899;1,39774776;4,96704006
22,21188899;1,35410631;4,92309332
22,23236899;1,39774776;4,96704006
22,25284899;1,39774776;4,96704006
22,27332899;1,39774776;4,96704006
22,29380899;1,39774776;4,92309332
22,31428899;1,44154179;4,96704006
22,33476899;1,44154179;4,96704006
22,35524899;1,44154179;
22,37572899;1,48533583;4,96704006
22,39620899;1,48533583;4,92309332
22,41668899;1,48533583;4,96704006
22,43716899;1,48533583;4,96704006
22,45764899;1,48533583;4,96704006
22,47812899;1,48533583;4,96704006
22,49860899;1,48533583;4,92309332
22,51908899;1,52912986;4,96704006
22,53956899;1,52912986;4,96704006
22,56004899;1,52912986;4,96704006
22,58052899;1,52912986;4,96704006
22,60100899;1,52912986;4,96704006
22,62148899;1,52912986;
22,64196899;1,57277143;4,96704006
22,66244899;1,57277143;4,96704006
22,68292899;1,57277143;4,96704006
22,70340899;1,61656547;4,96704006
22,72388899;1,57277143;4,96704006
22,74436899;1,61656547;4,96704006
22,76484899;1,57277143;4,96704006
22,78532899;1,61656547;4,96704006
22,80580899;1,61656547;4,96704006
22,82628899;1,61656547;4,96704006
22,84676898;1,61656547;4,96704006
22,86724898;1,66035950;4,96704006
22,88772898;1,66035950;4,96704006
22,90820898;1,66035950;4,96704006
22,92868898;1,66035950;4,96704006
22,94916898;1,66035950;4,96704006
22,96964898;1,70400095;4,96704006
22,99012898;1,70400095;4,96704006
23,01060898;1,70400095;4,96704006
23,03108898;1,70400095;4,96704006
23,05156898;1,70400095;4,96704006
23,07204898;1,70400095;4,96704006
23,09252898;1,74779499;4,96704006
23,11300898;1,74779499;4,96704006
23,13348898;1,79158914;4,96704006
23,15396898;1,79158914;4,96704006
23,17444898;1,79158914;4,96704006
23,19492898;1,79158914;4,96704006
23,21540898;1,79158914;
23,23588898;1,83523059;4,96704006
23,25636898;1,83523059;4,96704006
23,27684898;1,79158914;4,96704006
23,29732898;1,83523059;4,96704006
23,31780898;1,83523059;
23,33828898;1,87902462;4,96704006
23,35876898;1,83523059;4,96704006
23,37924898;1,83523059;4,96704006
23,39972898;1,87902462;4,96704006
23,42020898;1,87902462;4,96704006
23,44068898;1,87902462;4,96704006
23,46116898;1,87902462;4,96704006
23,48164898;1,87902462;4,96704006
23,50212898;1,87902462;4,96704006
23,52260898;1,92281866;4,96704006
23,54308898;1,92281866;4,96704006
23,56356898;1,92281866;4,96704006
23,58404898;1,92281866;
23,60452898;1,92281866;4,96704006
23,62500898;1,92281866;4,96704006
23,64548898;1,96646011;4,96704006
23,66596898;1,96646011;4,92309332
23,68644898;1,96646011;4,96704006
23,70692898;1,96646011;4,96704006
23,72740898;1,96646011;4,96704006
23,74788898;1,96646011;4,96704006
23,76836898;1,96646011;4,96704006
23,78884898;1,92281866;4,96704006
23,80932898;1,92281866;4,96704006
23,82980898;1,92281866;4,96704006
23,85028898;1,92281866;4,96704006
23,87076898;1,87902462;4,96704006
23,89124898;1,87902462;4,96704006
23,91172898;1,87902462;4,96704006
23,93220898;1,87902462;4,96704006
23,95268898;1,87902462;4,96704006
23,97316898;1,87902462;4,96704006
23,99364898;1,87902462;4,96704006
24,01412898;1,87902462;4,96704006
24,03460898;1,83523059;4,96704006
24,05508898;1,83523059;4,96704006
24,07556898;1,83523059;4,96704006
24,09604898;1,83523059;4,96704006
24,11652898;1,83523059;4,96704006
24,13700898;1,79158914;4,96704006
24,15748898;1,79158914;4,96704006
24,17796898;1,79158914;4,96704006
24,19844898;1,79158914;4,96704006
24,21892898;1,74779499;4,96704006
24,23940898;1,74779499;
24,25988898;1,74779499;4,96704006
24,28036898;1,70400095;4,96704006
24,30084898;1,70400095;4,96704006
24,32132898;1,70400095;4,96704006
24,34180898;1,70400095;4,96704006
24,36228898;1,70400095;4,96704006
24,38276898;1,70400095;4,96704006
24,40324898;1,66035950;
24,42372898;1,66035950;4,96704006
24,44420898;1,66035950;4,96704006
24,46468898;1,66035950;4,96704006
24,48516897;1,66035950;4,96704006
24,50564897;1,66035950;4,96704006
24,52612897;1,66035950;4,96704006
24,54660897;1,61656547;4,96704006
24,56708897;1,61656547;4,96704006
24,58756897;1,61656547;4,96704006
24,60804897;1,61656547;4,96704006
24,62852897;1,61656547;4,96704006
24,64900897;1,61656547;4,96704006
24,66948897;1,57277143;4,96704006
24,68996897;1,57277143;4,96704006
24,71044897;1,57277143;4,96704006
24,73092897;1,52912986;4,96704006
24,75140897;1,52912986;4,96704006
24,77188897;1,52912986;4,96704006
24,79236897;1,52912986;4,96704006
24,81284897;1,52912986;4,96704006
24,83332897;1,52912986;4,92309332
24,85380897;1,52912986;
24,87428897;1,48533583;4,96704006
24,89476897;1,48533583;
24,91524897;1,48533583;4,96704006
24,93572897;1,48533583;4,96704006
24,95620897;1,48533583;4,96704006
24,97668897;1,48533583;4,96704006
24,99716897;1,44154179;4,96704006
25,01764897;1,44154179;4,96704006
